hFFVal	realGoalDist	problemName	count
1	2	pfile1	3
0	0	pfile1	3
1	1	pfile1	4
2	2	pfile1	3
2	3	pfile1	3
1	5	pfile1	2
2	5	pfile1	2
2	7	pfile2	15
1	5	pfile2	8
2	5	pfile2	31
2	8	pfile2	13
1	6	pfile2	5
1	4	pfile2	14
2	6	pfile2	13
2	3	pfile2	11
1	3	pfile2	9
3	9	pfile2	10
3	8	pfile2	9
3	10	pfile2	6
2	4	pfile2	11
3	6	pfile2	10
3	4	pfile2	5
2	2	pfile2	11
1	2	pfile2	5
3	7	pfile2	9
3	3	pfile2	4
3	5	pfile2	5
1	1	pfile2	8
3	12	pfile2	2
2	10	pfile2	2
1	8	pfile2	2
0	0	pfile2	3
2	9	pfile2	4
3	11	pfile2	2
2	6	pfile3	697
2	7	pfile3	541
2	8	pfile3	219
3	7	pfile3	1832
2	5	pfile3	625
3	8	pfile3	1815
3	6	pfile3	1650
4	8	pfile3	2550
2	9	pfile3	41
3	9	pfile3	1390
2	10	pfile3	30
2	4	pfile3	666
4	9	pfile3	2319
3	5	pfile3	1621
4	7	pfile3	2369
5	9	pfile3	1135
3	10	pfile3	725
3	11	pfile3	332
1	3	pfile3	138
2	3	pfile3	402
4	10	pfile3	1679
4	11	pfile3	975
5	10	pfile3	1059
5	8	pfile3	919
4	6	pfile3	1959
3	4	pfile3	775
3	12	pfile3	143
1	4	pfile3	135
4	12	pfile3	514
5	11	pfile3	714
1	5	pfile3	53
1	2	pfile3	81
5	12	pfile3	368
4	13	pfile3	229
4	14	pfile3	66
3	13	pfile3	25
5	7	pfile3	659
4	5	pfile3	716
1	6	pfile3	17
3	3	pfile3	95
1	1	pfile3	54
5	13	pfile3	179
4	15	pfile3	15
5	6	pfile3	141
2	11	pfile3	3
2	2	pfile3	136
4	4	pfile3	47
5	14	pfile3	61
0	0	pfile3	8
4	16	pfile3	2
4	18	pfile3	2
5	15	pfile3	3
5	5	pfile3	5
5	16	pfile3	2
2	7	pfile4	867
3	8	pfile4	3456
3	9	pfile4	2524
4	9	pfile4	4261
2	8	pfile4	515
3	10	pfile4	1625
2	6	pfile4	939
4	10	pfile4	4071
2	9	pfile4	349
3	11	pfile4	976
3	7	pfile4	2719
4	11	pfile4	2688
4	12	pfile4	1848
4	8	pfile4	3122
2	10	pfile4	152
3	12	pfile4	436
3	6	pfile4	1848
3	5	pfile4	1184
4	13	pfile4	1086
5	13	pfile4	1113
4	6	pfile4	1220
4	7	pfile4	2172
5	12	pfile4	1441
2	5	pfile4	747
5	11	pfile4	1652
3	4	pfile4	508
2	4	pfile4	471
5	10	pfile4	1439
4	14	pfile4	411
5	14	pfile4	816
5	7	pfile4	330
4	5	pfile4	443
5	9	pfile4	981
5	8	pfile4	659
1	5	pfile4	97
1	6	pfile4	27
2	3	pfile4	191
1	4	pfile4	145
1	7	pfile4	11
1	8	pfile4	11
2	12	pfile4	17
2	11	pfile4	44
3	13	pfile4	105
4	15	pfile4	68
5	15	pfile4	442
5	6	pfile4	111
1	3	pfile4	98
2	2	pfile4	90
3	14	pfile4	24
5	16	pfile4	138
3	3	pfile4	89
1	1	pfile4	24
1	2	pfile4	17
3	15	pfile4	6
5	17	pfile4	15
4	4	pfile4	19
0	0	pfile4	7
4	16	pfile4	6
4	11	pfile5	26052
4	12	pfile5	17767
4	10	pfile5	29656
4	13	pfile5	10529
4	14	pfile5	5898
4	9	pfile5	24624
4	15	pfile5	2619
4	16	pfile5	836
3	9	pfile5	13025
4	8	pfile5	14623
3	11	pfile5	4783
3	8	pfile5	15908
3	10	pfile5	7878
3	12	pfile5	2460
4	7	pfile5	6224
3	14	pfile5	345
3	13	pfile5	900
3	7	pfile5	13114
4	6	pfile5	1765
4	17	pfile5	72
2	7	pfile5	2673
3	6	pfile5	7761
4	5	pfile5	449
3	5	pfile5	2850
2	6	pfile5	3189
2	8	pfile5	1175
2	9	pfile5	664
2	10	pfile5	357
2	5	pfile5	2914
3	4	pfile5	943
2	4	pfile5	1543
2	3	pfile5	668
1	3	pfile5	237
2	11	pfile5	21
1	4	pfile5	310
1	2	pfile5	167
3	3	pfile5	85
1	5	pfile5	92
1	6	pfile5	52
2	12	pfile5	15
4	4	pfile5	22
1	1	pfile5	43
2	2	pfile5	81
3	15	pfile5	13
0	0	pfile5	10
4	11	pfile6	85688
4	12	pfile6	58627
4	13	pfile6	34015
4	10	pfile6	100762
4	14	pfile6	17885
4	15	pfile6	7785
5	14	pfile6	60825
4	9	pfile6	84133
5	12	pfile6	92487
5	13	pfile6	83371
5	15	pfile6	38341
3	9	pfile6	33342
5	11	pfile6	80273
4	16	pfile6	2576
4	8	pfile6	53051
5	16	pfile6	21490
5	17	pfile6	10017
3	11	pfile6	10779
3	10	pfile6	19741
3	8	pfile6	40611
5	10	pfile6	52271
3	12	pfile6	5156
4	7	pfile6	25109
3	13	pfile6	1759
5	18	pfile6	3270
3	14	pfile6	566
3	7	pfile6	32788
5	9	pfile6	26961
4	6	pfile6	8742
5	19	pfile6	438
4	17	pfile6	260
2	6	pfile6	5871
3	6	pfile6	21047
5	8	pfile6	10169
3	5	pfile6	8842
4	5	pfile6	2074
2	7	pfile6	4918
2	8	pfile6	2182
2	9	pfile6	1094
2	5	pfile6	6412
5	7	pfile6	3052
2	10	pfile6	510
2	4	pfile6	4108
3	4	pfile6	2570
2	11	pfile6	43
3	15	pfile6	23
4	4	pfile6	114
5	6	pfile6	599
2	3	pfile6	1598
2	12	pfile6	17
5	20	pfile6	11
1	4	pfile6	463
3	3	pfile6	228
1	5	pfile6	122
5	5	pfile6	24
1	3	pfile6	459
2	2	pfile6	285
1	6	pfile6	42
1	2	pfile6	238
1	1	pfile6	116
0	0	pfile6	4
4	14	pfile7	21522
4	16	pfile7	6273
4	15	pfile7	13012
5	17	pfile7	25279
5	16	pfile7	41402
5	18	pfile7	11530
5	14	pfile7	75392
4	13	pfile7	33108
6	18	pfile7	27391
5	15	pfile7	60377
5	13	pfile7	82520
6	19	pfile7	13600
5	19	pfile7	3933
4	12	pfile7	40557
6	17	pfile7	43000
4	17	pfile7	1674
6	15	pfile7	65445
6	20	pfile7	4869
6	16	pfile7	57591
6	14	pfile7	62505
5	11	pfile7	73909
5	12	pfile7	82754
4	11	pfile7	43886
6	13	pfile7	52623
6	21	pfile7	1109
4	10	pfile7	43234
5	10	pfile7	54482
3	10	pfile7	10342
3	12	pfile7	5151
3	14	pfile7	1025
3	11	pfile7	8053
6	12	pfile7	39680
4	18	pfile7	41
5	9	pfile7	31121
4	9	pfile7	31605
3	13	pfile7	2165
6	11	pfile7	27051
3	9	pfile7	10759
6	22	pfile7	62
5	8	pfile7	15151
6	10	pfile7	15171
4	8	pfile7	20640
5	20	pfile7	657
3	15	pfile7	222
3	8	pfile7	9161
2	11	pfile7	147
2	10	pfile7	651
4	7	pfile7	10904
3	7	pfile7	5926
6	9	pfile7	6519
5	7	pfile7	4603
2	12	pfile7	22
2	9	pfile7	801
5	6	pfile7	873
4	6	pfile7	4422
3	6	pfile7	3643
2	7	pfile7	1196
2	8	pfile7	1282
5	21	pfile7	61
6	8	pfile7	1849
4	5	pfile7	1282
3	5	pfile7	1656
2	6	pfile7	942
6	7	pfile7	210
2	5	pfile7	797
3	4	pfile7	918
1	5	pfile7	106
5	5	pfile7	120
1	6	pfile7	52
4	4	pfile7	370
1	4	pfile7	143
2	4	pfile7	404
6	6	pfile7	18
3	3	pfile7	372
2	3	pfile7	247
2	2	pfile7	153
1	3	pfile7	55
1	2	pfile7	31
1	1	pfile7	25
0	0	pfile7	3
5	12	pfile8	129908
4	11	pfile8	67180
3	11	pfile8	12635
4	10	pfile8	65288
4	12	pfile8	51206
3	12	pfile8	6200
4	13	pfile8	37430
3	13	pfile8	2757
4	14	pfile8	22383
3	14	pfile8	987
6	13	pfile8	69432
5	11	pfile8	118559
5	13	pfile8	107155
4	9	pfile8	48860
7	14	pfile8	10119
6	12	pfile8	49784
6	14	pfile8	79470
5	14	pfile8	80166
3	10	pfile8	15110
5	15	pfile8	51367
4	15	pfile8	11781
5	10	pfile8	70764
4	16	pfile8	5338
4	8	pfile8	23899
3	9	pfile8	13497
6	15	pfile8	70633
5	16	pfile8	31098
5	17	pfile8	16482
6	16	pfile8	50014
7	15	pfile8	15021
6	11	pfile8	28441
5	9	pfile8	26099
6	17	pfile8	31184
3	8	pfile8	11479
7	13	pfile8	5217
4	7	pfile8	11860
3	7	pfile8	9055
5	18	pfile8	6675
7	16	pfile8	15844
4	17	pfile8	1697
7	17	pfile8	12479
6	18	pfile8	17283
3	15	pfile8	160
7	12	pfile8	2501
6	10	pfile8	9190
5	8	pfile8	6765
7	18	pfile8	7924
2	8	pfile8	1788
2	9	pfile8	799
2	10	pfile8	302
4	18	pfile8	239
3	6	pfile8	7250
2	7	pfile8	1593
7	19	pfile8	4176
6	19	pfile8	7859
5	19	pfile8	1938
6	20	pfile8	2266
5	20	pfile8	281
7	11	pfile8	811
3	16	pfile8	16
4	19	pfile8	24
4	6	pfile8	3954
6	9	pfile8	1981
2	6	pfile8	1322
2	11	pfile8	47
3	5	pfile8	2406
7	20	pfile8	1932
6	21	pfile8	502
7	21	pfile8	568
6	22	pfile8	48
7	22	pfile8	92
2	12	pfile8	10
7	10	pfile8	116
5	7	pfile8	1860
5	21	pfile8	60
4	5	pfile8	540
2	5	pfile8	667
3	4	pfile8	453
2	4	pfile8	432
7	23	pfile8	35
6	23	pfile8	7
6	8	pfile8	139
5	6	pfile8	217
2	3	pfile8	93
1	4	pfile8	58
1	5	pfile8	43
2	2	pfile8	45
1	3	pfile8	36
3	3	pfile8	32
1	6	pfile8	25
6	7	pfile8	28
1	1	pfile8	31
0	0	pfile8	3
1	2	pfile8	7
4	4	pfile8	7
7	20	pfile9	246310
7	22	pfile9	139073
7	21	pfile9	197975
7	23	pfile9	90887
7	19	pfile9	256255
7	24	pfile9	47587
7	25	pfile9	19052
7	18	pfile9	190044
6	18	pfile9	54072
6	19	pfile9	41096
7	26	pfile9	5067
6	20	pfile9	26184
6	21	pfile9	14017
7	17	pfile9	113595
6	17	pfile9	63040
6	22	pfile9	5944
6	16	pfile9	61413
7	16	pfile9	64824
7	27	pfile9	528
6	23	pfile9	1593
6	24	pfile9	329
7	28	pfile9	53
7	15	pfile9	27540
6	15	pfile9	43908
5	19	pfile9	935
5	18	pfile9	2359
5	16	pfile9	7581
5	15	pfile9	11018
5	17	pfile9	4540
6	14	pfile9	25949
7	14	pfile9	8958
6	25	pfile9	19
5	20	pfile9	336
5	14	pfile9	13124
6	13	pfile9	14112
7	13	pfile9	2699
5	13	pfile9	14089
5	21	pfile9	52
4	15	pfile9	800
4	13	pfile9	4052
4	14	pfile9	2072
5	22	pfile9	22
6	12	pfile9	8560
7	30	pfile9	2
4	12	pfile9	6643
5	12	pfile9	14017
7	12	pfile9	932
4	16	pfile9	225
6	26	pfile9	2
5	11	pfile9	13510
4	11	pfile9	8542
6	11	pfile9	5679
7	11	pfile9	423
4	17	pfile9	37
5	10	pfile9	11131
6	10	pfile9	3129
4	10	pfile9	9370
3	10	pfile9	1818
4	18	pfile9	9
4	9	pfile9	8916
3	9	pfile9	2602
5	9	pfile9	7136
6	9	pfile9	1224
3	12	pfile9	540
3	11	pfile9	1210
3	13	pfile9	187
3	14	pfile9	44
3	8	pfile9	2774
4	8	pfile9	5863
5	8	pfile9	2840
6	8	pfile9	226
3	7	pfile9	1835
4	7	pfile9	2056
5	7	pfile9	432
7	10	pfile9	125
3	6	pfile9	1225
4	6	pfile9	609
2	7	pfile9	341
7	9	pfile9	17
2	6	pfile9	485
5	6	pfile9	52
2	8	pfile9	133
2	10	pfile9	40
2	9	pfile9	78
2	5	pfile9	635
3	5	pfile9	801
4	5	pfile9	188
6	7	pfile9	9
2	4	pfile9	805
3	4	pfile9	357
4	4	pfile9	27
1	4	pfile9	101
2	3	pfile9	469
3	3	pfile9	91
5	5	pfile9	4
1	5	pfile9	22
1	3	pfile9	341
1	6	pfile9	34
2	2	pfile9	209
1	2	pfile9	245
1	1	pfile9	241
0	0	pfile9	19
9	21	pfile10	183604
9	23	pfile10	205676
9	24	pfile10	188058
8	23	pfile10	49380
9	22	pfile10	201565
9	25	pfile10	142438
9	26	pfile10	91901
8	25	pfile10	32353
9	27	pfile10	48692
8	26	pfile10	24373
9	20	pfile10	140143
8	22	pfile10	58570
8	24	pfile10	41917
9	28	pfile10	22656
9	29	pfile10	8245
8	27	pfile10	17286
8	28	pfile10	8495
8	29	pfile10	2352
8	31	pfile10	85
8	21	pfile10	65950
9	19	pfile10	78893
8	20	pfile10	67099
8	19	pfile10	58019
9	30	pfile10	2335
7	21	pfile10	6036
8	30	pfile10	461
7	19	pfile10	9814
7	23	pfile10	2746
7	20	pfile10	8599
9	18	pfile10	46525
7	22	pfile10	4119
8	18	pfile10	49919
9	31	pfile10	310
7	24	pfile10	2093
8	32	pfile10	18
8	17	pfile10	36771
7	17	pfile10	13642
7	18	pfile10	11114
7	26	pfile10	925
7	25	pfile10	1593
9	17	pfile10	22107
7	27	pfile10	141
9	32	pfile10	54
7	28	pfile10	25
8	16	pfile10	23172
9	16	pfile10	8411
6	17	pfile10	2212
9	34	pfile10	2
7	16	pfile10	14857
7	29	pfile10	7
6	21	pfile10	115
6	22	pfile10	52
6	16	pfile10	4422
7	15	pfile10	14644
8	15	pfile10	13782
9	15	pfile10	2875
6	15	pfile10	6656
6	18	pfile10	913
6	20	pfile10	270
6	19	pfile10	512
6	24	pfile10	49
6	23	pfile10	46
8	14	pfile10	10865
7	14	pfile10	17278
9	14	pfile10	1331
6	14	pfile10	9618
5	14	pfile10	2639
7	13	pfile10	18126
8	13	pfile10	7132
6	13	pfile10	13154
5	13	pfile10	4243
5	16	pfile10	520
5	17	pfile10	137
5	15	pfile10	1341
7	12	pfile10	14256
6	12	pfile10	14910
6	25	pfile10	6
8	12	pfile10	3732
5	12	pfile10	5162
9	13	pfile10	489
6	11	pfile10	14165
7	11	pfile10	9440
5	11	pfile10	5973
5	20	pfile10	6
8	11	pfile10	1704
5	18	pfile10	15
5	22	pfile10	3
6	10	pfile10	11016
7	10	pfile10	4562
5	10	pfile10	6821
5	9	pfile10	5153
6	9	pfile10	4647
9	12	pfile10	181
8	10	pfile10	365
4	9	pfile10	1206
4	13	pfile10	552
7	9	pfile10	778
4	10	pfile10	1217
4	11	pfile10	894
4	12	pfile10	874
5	8	pfile10	1740
6	8	pfile10	671
4	8	pfile10	740
9	11	pfile10	45
3	11	pfile10	39
4	7	pfile10	562
3	7	pfile10	164
5	7	pfile10	511
6	7	pfile10	93
4	14	pfile10	262
3	9	pfile10	112
3	12	pfile10	27
3	10	pfile10	58
4	6	pfile10	422
3	6	pfile10	222
7	8	pfile10	46
5	6	pfile10	251
2	6	pfile10	55
3	8	pfile10	87
4	5	pfile10	368
5	21	pfile10	3
3	5	pfile10	196
2	5	pfile10	60
5	5	pfile10	67
2	8	pfile10	14
2	9	pfile10	11
2	7	pfile10	26
3	4	pfile10	315
4	4	pfile10	178
6	6	pfile10	5
2	4	pfile10	52
2	10	pfile10	5
3	3	pfile10	173
2	3	pfile10	192
5	19	pfile10	10
4	15	pfile10	47
4	16	pfile10	12
2	2	pfile10	116
1	6	pfile10	3
1	2	pfile10	61
1	5	pfile10	3
4	18	pfile10	3
8	9	pfile10	21
1	1	pfile10	112
1	3	pfile10	13
3	13	pfile10	16
0	0	pfile10	5
9	10	pfile10	5
6	15	pfile11	133355
5	14	pfile11	89217
5	13	pfile11	113467
4	14	pfile11	17553
4	15	pfile11	11167
5	15	pfile11	64859
6	16	pfile11	112464
5	16	pfile11	44614
5	17	pfile11	27107
6	14	pfile11	116347
5	12	pfile11	114887
4	13	pfile11	25847
4	16	pfile11	5646
5	18	pfile11	14697
7	16	pfile11	36336
6	13	pfile11	68295
7	15	pfile11	27172
6	17	pfile11	75735
4	17	pfile11	2557
4	18	pfile11	555
4	12	pfile11	30745
6	18	pfile11	45751
5	11	pfile11	110377
7	18	pfile11	25070
6	19	pfile11	21058
5	19	pfile11	5508
7	17	pfile11	36343
7	14	pfile11	11286
8	17	pfile11	2511
7	19	pfile11	13002
6	12	pfile11	31904
4	11	pfile11	42007
5	10	pfile11	88177
8	16	pfile11	1647
6	20	pfile11	7767
3	11	pfile11	6729
4	10	pfile11	53470
6	21	pfile11	1578
7	20	pfile11	4671
8	18	pfile11	2036
8	19	pfile11	1027
5	20	pfile11	1133
8	20	pfile11	306
8	15	pfile11	502
3	13	pfile11	1743
7	13	pfile11	2022
6	22	pfile11	219
5	21	pfile11	191
6	11	pfile11	22822
5	9	pfile11	54477
4	9	pfile11	55469
3	12	pfile11	3582
7	21	pfile11	884
3	10	pfile11	9406
3	14	pfile11	458
5	22	pfile11	44
6	23	pfile11	8
7	22	pfile11	169
8	21	pfile11	80
6	24	pfile11	3
8	22	pfile11	10
7	12	pfile11	698
5	23	pfile11	2
7	23	pfile11	3
6	10	pfile11	22560
8	14	pfile11	18
4	19	pfile11	17
4	8	pfile11	36551
5	8	pfile11	22713
3	9	pfile11	10944
3	15	pfile11	53
3	16	pfile11	15
3	8	pfile11	10737
6	9	pfile11	5616
4	7	pfile11	28103
5	7	pfile11	12881
3	7	pfile11	13060
2	7	pfile11	2449
7	11	pfile11	178
2	9	pfile11	1005
4	6	pfile11	24801
5	6	pfile11	6012
6	8	pfile11	2269
3	6	pfile11	15605
2	6	pfile11	3136
2	8	pfile11	1606
4	5	pfile11	9243
3	5	pfile11	13957
2	5	pfile11	3223
6	7	pfile11	892
2	10	pfile11	284
3	4	pfile11	2188
4	4	pfile11	588
2	4	pfile11	1208
1	4	pfile11	171
3	3	pfile11	861
1	3	pfile11	276
2	3	pfile11	1092
5	5	pfile11	184
1	5	pfile11	23
2	11	pfile11	30
2	2	pfile11	983
1	2	pfile11	453
1	6	pfile11	22
2	12	pfile11	24
7	10	pfile11	157
1	1	pfile11	831
6	6	pfile11	142
0	0	pfile11	28
7	9	pfile11	11
7	21	pfile12	241147
7	20	pfile12	276699
7	22	pfile12	164008
7	23	pfile12	95297
7	19	pfile12	245793
7	24	pfile12	49429
7	25	pfile12	23273
8	23	pfile12	44789
8	21	pfile12	44854
8	22	pfile12	50911
8	24	pfile12	33143
7	26	pfile12	8089
7	18	pfile12	196725
6	19	pfile12	29132
8	20	pfile12	26898
8	25	pfile12	18623
6	18	pfile12	45598
6	20	pfile12	15127
7	27	pfile12	2507
8	26	pfile12	9137
8	27	pfile12	4188
8	19	pfile12	11531
8	28	pfile12	1324
7	17	pfile12	150175
6	17	pfile12	64142
7	28	pfile12	648
6	21	pfile12	7557
7	16	pfile12	83263
7	29	pfile12	53
8	29	pfile12	385
6	23	pfile12	932
6	22	pfile12	2810
6	16	pfile12	69553
8	18	pfile12	9937
7	30	pfile12	13
8	30	pfile12	48
8	17	pfile12	2665
6	24	pfile12	203
7	15	pfile12	68630
6	26	pfile12	9
5	16	pfile12	6927
6	25	pfile12	48
6	15	pfile12	87349
8	31	pfile12	4
5	17	pfile12	2684
5	15	pfile12	14373
6	14	pfile12	94428
7	14	pfile12	50490
8	16	pfile12	2653
5	14	pfile12	23195
5	18	pfile12	795
5	19	pfile12	189
6	13	pfile12	75537
8	15	pfile12	2360
7	13	pfile12	25917
5	13	pfile12	29147
5	20	pfile12	40
5	21	pfile12	5
5	12	pfile12	23186
6	12	pfile12	36544
7	12	pfile12	7387
8	14	pfile12	1490
6	11	pfile12	10187
7	11	pfile12	1291
5	11	pfile12	11037
5	10	pfile12	4121
8	13	pfile12	445
6	10	pfile12	2120
4	11	pfile12	1782
4	10	pfile12	1587
4	12	pfile12	1671
4	13	pfile12	990
7	10	pfile12	110
5	9	pfile12	2686
8	12	pfile12	47
6	9	pfile12	478
4	9	pfile12	1820
4	8	pfile12	2305
5	8	pfile12	1508
3	8	pfile12	753
6	8	pfile12	158
3	7	pfile12	987
4	7	pfile12	1881
5	7	pfile12	785
3	9	pfile12	313
7	9	pfile12	6
6	7	pfile12	52
4	6	pfile12	1513
5	6	pfile12	348
2	6	pfile12	169
3	6	pfile12	1038
3	10	pfile12	106
3	11	pfile12	9
4	14	pfile12	352
4	15	pfile12	93
3	5	pfile12	1091
4	5	pfile12	784
7	8	pfile12	3
2	5	pfile12	178
2	7	pfile12	109
4	16	pfile12	45
2	4	pfile12	53
3	4	pfile12	193
2	8	pfile12	5
2	9	pfile12	5
4	4	pfile12	19
4	17	pfile12	6
2	3	pfile12	52
1	3	pfile12	14
3	3	pfile12	6
5	5	pfile12	4
1	2	pfile12	38
1	1	pfile12	38
2	2	pfile12	10
0	0	pfile12	3
9	27	pfile13	107982
10	27	pfile13	206048
10	26	pfile13	224605
9	26	pfile13	135828
10	28	pfile13	152905
9	29	pfile13	49303
9	25	pfile13	142340
9	28	pfile13	79997
9	24	pfile13	131911
10	29	pfile13	93385
10	30	pfile13	50146
9	30	pfile13	26641
10	32	pfile13	10215
10	25	pfile13	200666
10	31	pfile13	24739
9	23	pfile13	109142
9	32	pfile13	2996
9	34	pfile13	94
9	31	pfile13	9540
10	24	pfile13	151844
10	34	pfile13	1215
10	33	pfile13	3651
10	23	pfile13	104990
8	24	pfile13	13491
9	33	pfile13	425
9	22	pfile13	94565
8	22	pfile13	21177
8	28	pfile13	1745
8	27	pfile13	2996
8	26	pfile13	5974
8	25	pfile13	7852
8	23	pfile13	17002
10	35	pfile13	147
9	21	pfile13	60300
10	22	pfile13	69411
8	21	pfile13	19663
10	36	pfile13	33
8	29	pfile13	383
8	30	pfile13	168
10	21	pfile13	34313
7	25	pfile13	9
9	35	pfile13	10
8	32	pfile13	5
9	20	pfile13	38082
8	20	pfile13	18318
8	31	pfile13	10
7	24	pfile13	64
7	22	pfile13	430
7	20	pfile13	1349
8	19	pfile13	13833
9	19	pfile13	19852
10	20	pfile13	14253
7	19	pfile13	1898
7	21	pfile13	762
7	23	pfile13	195
9	18	pfile13	9329
8	18	pfile13	9386
7	18	pfile13	2500
10	19	pfile13	4863
8	17	pfile13	7643
9	17	pfile13	5154
7	17	pfile13	3565
7	26	pfile13	6
10	18	pfile13	1886
8	16	pfile13	6785
9	16	pfile13	3929
7	16	pfile13	4519
6	16	pfile13	1500
10	17	pfile13	801
7	15	pfile13	5703
8	15	pfile13	7309
9	15	pfile13	3041
6	15	pfile13	2454
6	18	pfile13	138
6	17	pfile13	521
6	20	pfile13	15
6	19	pfile13	113
8	14	pfile13	6993
6	14	pfile13	3643
7	14	pfile13	7649
7	13	pfile13	9083
8	13	pfile13	5403
7	12	pfile13	9039
9	14	pfile13	1791
8	12	pfile13	3399
6	12	pfile13	7813
6	13	pfile13	5662
7	11	pfile13	7653
9	13	pfile13	686
6	11	pfile13	9171
6	10	pfile13	9815
7	10	pfile13	5395
5	11	pfile13	4600
10	16	pfile13	503
10	15	pfile13	241
5	9	pfile13	8079
6	9	pfile13	9057
5	12	pfile13	3218
5	10	pfile13	6184
4	9	pfile13	2869
5	8	pfile13	9457
4	8	pfile13	4522
4	11	pfile13	1009
5	13	pfile13	1958
5	14	pfile13	1161
5	15	pfile13	749
4	10	pfile13	1595
5	16	pfile13	115
8	11	pfile13	1802
10	14	pfile13	51
4	7	pfile13	6304
5	7	pfile13	8778
7	9	pfile13	2381
6	8	pfile13	5637
8	10	pfile13	614
9	12	pfile13	220
3	7	pfile13	1514
4	12	pfile13	615
4	13	pfile13	309
4	14	pfile13	245
9	11	pfile13	51
6	7	pfile13	1498
3	8	pfile13	623
3	6	pfile13	2290
3	9	pfile13	213
3	10	pfile13	141
7	8	pfile13	211
4	6	pfile13	8544
5	6	pfile13	4334
4	5	pfile13	6492
8	9	pfile13	16
3	5	pfile13	4878
3	11	pfile13	78
3	4	pfile13	5887
2	4	pfile13	1674
4	4	pfile13	903
2	5	pfile13	257
2	3	pfile13	3276
3	3	pfile13	2273
2	7	pfile13	107
2	6	pfile13	209
5	5	pfile13	129
1	2	pfile13	606
2	2	pfile13	2739
1	3	pfile13	347
2	8	pfile13	6
1	4	pfile13	2
4	15	pfile13	9
1	1	pfile13	1202
1	6	pfile13	4
0	0	pfile13	57
5	17	pfile13	36
5	18	pfile13	34
12	31	pfile14	261619
12	29	pfile14	222221
12	30	pfile14	279844
12	32	pfile14	175153
12	33	pfile14	93581
12	34	pfile14	39838
11	30	pfile14	79308
11	33	pfile14	20467
11	29	pfile14	74230
11	32	pfile14	39966
11	31	pfile14	63239
12	35	pfile14	14107
12	28	pfile14	138867
11	34	pfile14	8465
11	28	pfile14	56536
10	31	pfile14	4951
10	29	pfile14	6565
10	28	pfile14	6100
10	30	pfile14	6532
11	35	pfile14	2806
11	36	pfile14	592
10	33	pfile14	1384
10	32	pfile14	2955
12	36	pfile14	3473
10	34	pfile14	529
12	37	pfile14	577
12	38	pfile14	60
10	35	pfile14	166
12	27	pfile14	90909
11	27	pfile14	44665
9	30	pfile14	168
9	29	pfile14	201
10	36	pfile14	38
10	27	pfile14	5786
9	31	pfile14	100
12	39	pfile14	10
9	32	pfile14	43
11	37	pfile14	115
11	38	pfile14	12
12	26	pfile14	48394
11	26	pfile14	32060
9	33	pfile14	19
10	26	pfile14	5693
10	37	pfile14	6
9	34	pfile14	6
9	28	pfile14	193
12	25	pfile14	31966
11	25	pfile14	27431
10	25	pfile14	5219
9	26	pfile14	370
9	27	pfile14	326
11	24	pfile14	20270
12	24	pfile14	19811
10	24	pfile14	4963
9	25	pfile14	345
9	24	pfile14	316
11	23	pfile14	10499
10	23	pfile14	3229
8	26	pfile14	10
12	23	pfile14	7111
10	22	pfile14	4000
9	23	pfile14	547
8	25	pfile14	6
8	27	pfile14	4
11	22	pfile14	6900
12	22	pfile14	2741
9	22	pfile14	965
8	28	pfile14	3
12	21	pfile14	2172
11	21	pfile14	8085
8	24	pfile14	11
10	21	pfile14	7258
8	29	pfile14	2
12	20	pfile14	2072
11	20	pfile14	9086
11	19	pfile14	9752
10	20	pfile14	11717
11	18	pfile14	10236
10	19	pfile14	16746
12	19	pfile14	1766
12	18	pfile14	1167
11	17	pfile14	8820
12	17	pfile14	750
11	16	pfile14	6295
12	16	pfile14	292
10	15	pfile14	18444
11	15	pfile14	3286
10	16	pfile14	22846
10	17	pfile14	22948
10	14	pfile14	13142
11	14	pfile14	1173
10	18	pfile14	20246
10	13	pfile14	6243
9	13	pfile14	28196
9	16	pfile14	29115
9	17	pfile14	20971
9	18	pfile14	14097
9	14	pfile14	33713
9	15	pfile14	34188
9	12	pfile14	16226
10	12	pfile14	2389
8	11	pfile14	26439
9	11	pfile14	7320
8	15	pfile14	24241
8	16	pfile14	14782
8	12	pfile14	39244
7	10	pfile14	31020
8	10	pfile14	14283
8	14	pfile14	33490
7	14	pfile14	14516
7	15	pfile14	7967
8	13	pfile14	39537
7	11	pfile14	36798
7	9	pfile14	18707
7	12	pfile14	30190
6	9	pfile14	23213
7	13	pfile14	22775
6	13	pfile14	6449
6	14	pfile14	3230
6	11	pfile14	16089
6	12	pfile14	11059
6	10	pfile14	22944
6	8	pfile14	15381
5	12	pfile14	1960
5	13	pfile14	871
5	10	pfile14	5357
5	11	pfile14	3434
7	8	pfile14	7873
5	9	pfile14	8592
6	7	pfile14	8376
5	6	pfile14	5602
6	6	pfile14	1818
5	8	pfile14	10707
7	7	pfile14	1331
5	5	pfile14	1711
4	4	pfile14	858
4	8	pfile14	1794
4	5	pfile14	2345
3	3	pfile14	276
3	4	pfile14	525
2	2	pfile14	116
1	1	pfile14	95
0	0	pfile14	3
9	21	pfile14	2045
9	20	pfile14	4474
9	19	pfile14	8438
8	23	pfile14	20
8	22	pfile14	113
8	20	pfile14	766
8	18	pfile14	4342
8	21	pfile14	299
8	17	pfile14	8644
8	19	pfile14	1879
7	20	pfile14	82
7	16	pfile14	3921
7	17	pfile14	1686
7	18	pfile14	583
6	15	pfile14	1207
6	16	pfile14	450
7	19	pfile14	209
6	17	pfile14	128
5	14	pfile14	308
5	15	pfile14	92
4	7	pfile14	2663
5	7	pfile14	8180
4	10	pfile14	647
4	11	pfile14	404
4	6	pfile14	2998
4	9	pfile14	1106
3	9	pfile14	102
3	10	pfile14	57
8	9	pfile14	4368
5	16	pfile14	22
4	12	pfile14	157
3	7	pfile14	241
3	8	pfile14	158
4	13	pfile14	60
4	14	pfile14	13
3	5	pfile14	572
9	10	pfile14	1402
11	13	pfile14	418
6	18	pfile14	49
7	22	pfile14	4
7	21	pfile14	24
6	20	pfile14	4
6	19	pfile14	20
5	18	pfile14	2
5	19	pfile14	2
10	11	pfile14	374
8	8	pfile14	551
9	9	pfile14	28
3	6	pfile14	445
3	11	pfile14	17
3	12	pfile14	4
2	6	pfile14	24
2	4	pfile14	10
2	5	pfile14	32
12	15	pfile14	28
2	8	pfile14	9
2	9	pfile14	4
2	3	pfile14	48
2	7	pfile14	7
5	17	pfile14	5
1	2	pfile14	11
1	5	pfile14	2
12	45	pfile15	201112
12	42	pfile15	230874
12	46	pfile15	156294
12	43	pfile15	244225
12	44	pfile15	237592
12	40	pfile15	149846
12	47	pfile15	105935
12	48	pfile15	66121
12	50	pfile15	14119
12	49	pfile15	29264
12	39	pfile15	110706
12	41	pfile15	191570
13	41	pfile15	1209
12	51	pfile15	4044
13	45	pfile15	6220
13	46	pfile15	6431
12	38	pfile15	80521
13	47	pfile15	6372
13	44	pfile15	4897
13	42	pfile15	1982
13	48	pfile15	5288
12	52	pfile15	1484
13	50	pfile15	2424
13	43	pfile15	3291
13	49	pfile15	4158
13	51	pfile15	1394
12	37	pfile15	59656
11	42	pfile15	1049
13	40	pfile15	766
12	53	pfile15	222
12	54	pfile15	62
13	52	pfile15	552
13	39	pfile15	516
13	53	pfile15	258
11	38	pfile15	3549
11	41	pfile15	1392
13	54	pfile15	101
11	44	pfile15	337
11	40	pfile15	2114
14	45	pfile15	6
14	47	pfile15	13
11	43	pfile15	585
13	55	pfile15	22
14	49	pfile15	14
14	51	pfile15	8
14	50	pfile15	12
12	36	pfile15	48027
14	48	pfile15	12
11	39	pfile15	2741
11	45	pfile15	166
14	46	pfile15	7
11	37	pfile15	4024
11	46	pfile15	60
14	44	pfile15	3
14	52	pfile15	2
11	47	pfile15	16
12	35	pfile15	38556
14	53	pfile15	3
14	54	pfile15	2
13	56	pfile15	4
11	36	pfile15	4525
13	38	pfile15	309
13	37	pfile15	311
11	35	pfile15	4611
12	55	pfile15	2
12	34	pfile15	28692
11	34	pfile15	5129
11	33	pfile15	5490
12	33	pfile15	21866
13	36	pfile15	257
13	35	pfile15	172
12	32	pfile15	18525
10	38	pfile15	32
11	32	pfile15	6691
12	31	pfile15	13837
12	30	pfile15	9488
13	34	pfile15	117
11	29	pfile15	12199
12	29	pfile15	8447
12	28	pfile15	8704
11	31	pfile15	7947
13	33	pfile15	82
11	28	pfile15	15223
11	30	pfile15	9740
13	32	pfile15	66
13	31	pfile15	64
10	27	pfile15	11586
12	27	pfile15	8669
10	31	pfile15	2293
10	30	pfile15	3533
11	27	pfile15	18175
10	34	pfile15	571
10	36	pfile15	204
10	32	pfile15	1446
10	35	pfile15	378
10	33	pfile15	961
10	39	pfile15	22
10	37	pfile15	99
10	40	pfile15	9
10	28	pfile15	8079
13	30	pfile15	63
10	29	pfile15	5304
11	26	pfile15	20148
10	41	pfile15	3
10	42	pfile15	3
9	33	pfile15	35
9	32	pfile15	74
11	25	pfile15	21944
11	24	pfile15	22387
10	24	pfile15	24545
10	25	pfile15	20202
10	23	pfile15	26438
9	23	pfile15	15164
9	24	pfile15	10267
9	22	pfile15	18730
8	22	pfile15	5892
10	26	pfile15	15458
8	21	pfile15	8717
9	21	pfile15	20004
10	22	pfile15	25993
9	27	pfile15	2016
11	23	pfile15	20506
11	22	pfile15	16236
10	21	pfile15	23736
11	21	pfile15	10474
9	20	pfile15	19217
8	20	pfile15	10395
9	25	pfile15	5911
9	26	pfile15	3521
8	19	pfile15	9971
8	23	pfile15	3027
8	24	pfile15	1394
12	26	pfile15	7961
12	25	pfile15	7246
12	24	pfile15	6243
12	23	pfile15	4132
10	20	pfile15	17902
12	22	pfile15	2302
9	19	pfile15	16093
10	19	pfile15	11763
9	18	pfile15	11448
13	26	pfile15	43
13	25	pfile15	37
11	20	pfile15	5855
11	19	pfile15	2617
13	24	pfile15	25
12	21	pfile15	1142
8	18	pfile15	9501
8	17	pfile15	7256
13	23	pfile15	12
10	18	pfile15	6464
11	18	pfile15	1027
12	20	pfile15	277
9	17	pfile15	6221
10	17	pfile15	2744
12	19	pfile15	48
7	17	pfile15	4173
9	31	pfile15	197
9	30	pfile15	287
9	28	pfile15	1157
9	29	pfile15	590
9	16	pfile15	2730
10	16	pfile15	821
8	16	pfile15	3645
11	17	pfile15	285
7	18	pfile15	4009
7	16	pfile15	3254
7	19	pfile15	3956
7	20	pfile15	2714
7	21	pfile15	1406
7	15	pfile15	1654
7	22	pfile15	584
8	15	pfile15	1148
9	15	pfile15	623
13	27	pfile15	53
10	15	pfile15	158
12	18	pfile15	5
11	16	pfile15	70
8	25	pfile15	690
7	14	pfile15	414
8	14	pfile15	332
12	17	pfile15	2
9	14	pfile15	117
9	13	pfile15	6
8	13	pfile15	179
10	14	pfile15	4
6	14	pfile15	327
13	29	pfile15	78
13	28	pfile15	54
8	27	pfile15	153
8	28	pfile15	77
8	26	pfile15	315
8	29	pfile15	34
6	17	pfile15	664
6	18	pfile15	653
6	16	pfile15	729
6	19	pfile15	289
8	30	pfile15	13
8	31	pfile15	3
8	32	pfile15	2
7	23	pfile15	168
7	25	pfile15	10
7	24	pfile15	53
6	20	pfile15	80
5	15	pfile15	73
6	15	pfile15	498
5	17	pfile15	16
9	34	pfile15	17
5	16	pfile15	41
6	21	pfile15	20
6	22	pfile15	3
9	36	pfile15	2
9	35	pfile15	8
5	14	pfile15	32
4	14	pfile15	2
7	13	pfile15	248
6	13	pfile15	134
5	13	pfile15	47
6	12	pfile15	195
5	12	pfile15	33
7	12	pfile15	289
5	18	pfile15	2
7	26	pfile15	5
7	27	pfile15	2
13	22	pfile15	2
8	12	pfile15	87
7	11	pfile15	175
6	10	pfile15	218
6	11	pfile15	275
5	9	pfile15	111
5	8	pfile15	98
5	10	pfile15	147
5	11	pfile15	81
6	9	pfile15	2
5	7	pfile15	47
4	6	pfile15	143
4	7	pfile15	100
4	5	pfile15	91
4	8	pfile15	51
3	4	pfile15	100
5	6	pfile15	3
3	5	pfile15	187
3	3	pfile15	50
4	4	pfile15	3
2	2	pfile15	140
1	1	pfile15	121
0	0	pfile15	4
7	10	pfile15	2
3	6	pfile15	42
2	4	pfile15	124
2	5	pfile15	15
1	3	pfile15	66
2	3	pfile15	88
1	4	pfile15	2
1	2	pfile15	75
2	6	pfile15	21
3	7	pfile15	26
4	9	pfile15	47
4	10	pfile15	20
4	11	pfile15	19
4	12	pfile15	9
3	8	pfile15	10
3	9	pfile15	10
15	42	pfile16	56435
15	45	pfile16	69004
16	46	pfile16	1634
15	43	pfile16	61938
15	44	pfile16	66795
15	46	pfile16	67701
15	48	pfile16	52689
14	43	pfile16	4432
14	47	pfile16	5467
15	50	pfile16	28540
15	41	pfile16	50028
15	49	pfile16	41380
15	52	pfile16	10686
15	47	pfile16	62636
14	45	pfile16	5357
14	42	pfile16	4056
14	55	pfile16	69
14	49	pfile16	3806
14	48	pfile16	4841
14	50	pfile16	2672
14	44	pfile16	5017
14	46	pfile16	5622
13	48	pfile16	126
13	47	pfile16	132
14	52	pfile16	981
14	51	pfile16	1728
16	47	pfile16	1743
16	48	pfile16	1648
15	51	pfile16	18217
15	53	pfile16	5302
16	44	pfile16	1080
16	51	pfile16	649
16	50	pfile16	1070
15	54	pfile16	2584
16	45	pfile16	1322
16	49	pfile16	1441
14	53	pfile16	496
16	54	pfile16	116
15	56	pfile16	296
15	55	pfile16	902
15	40	pfile16	43679
14	41	pfile16	3728
15	39	pfile16	39150
13	46	pfile16	111
14	54	pfile16	207
16	43	pfile16	795
13	49	pfile16	108
13	50	pfile16	82
16	52	pfile16	442
13	54	pfile16	13
16	42	pfile16	552
15	57	pfile16	94
13	53	pfile16	18
16	41	pfile16	447
15	38	pfile16	35166
14	40	pfile16	3449
14	56	pfile16	18
14	58	pfile16	2
13	45	pfile16	84
13	44	pfile16	83
13	52	pfile16	42
16	53	pfile16	226
16	55	pfile16	33
15	58	pfile16	23
13	43	pfile16	70
13	51	pfile16	44
16	56	pfile16	18
16	57	pfile16	5
14	39	pfile16	3565
15	59	pfile16	3
17	47	pfile16	3
17	48	pfile16	4
13	56	pfile16	3
14	57	pfile16	7
13	55	pfile16	2
17	46	pfile16	3
17	49	pfile16	3
13	42	pfile16	62
16	39	pfile16	279
15	37	pfile16	30526
14	38	pfile16	3720
16	40	pfile16	355
13	41	pfile16	84
15	36	pfile16	26173
14	36	pfile16	4156
16	38	pfile16	296
14	37	pfile16	3915
15	35	pfile16	20824
16	37	pfile16	222
13	39	pfile16	172
13	40	pfile16	106
13	38	pfile16	213
13	37	pfile16	303
13	36	pfile16	354
14	35	pfile16	3936
15	34	pfile16	14921
16	36	pfile16	201
17	43	pfile16	2
14	34	pfile16	3377
12	42	pfile16	2
13	35	pfile16	381
12	38	pfile16	4
15	33	pfile16	8937
16	35	pfile16	212
15	32	pfile16	3507
16	34	pfile16	204
14	32	pfile16	1450
14	33	pfile16	2455
13	34	pfile16	415
13	33	pfile16	418
13	32	pfile16	412
13	31	pfile16	378
14	31	pfile16	889
15	31	pfile16	794
16	33	pfile16	83
13	30	pfile16	509
12	30	pfile16	208
12	39	pfile16	6
12	35	pfile16	10
12	40	pfile16	2
12	36	pfile16	5
12	37	pfile16	14
12	41	pfile16	2
15	30	pfile16	208
14	30	pfile16	942
12	33	pfile16	15
12	34	pfile16	14
16	32	pfile16	11
13	29	pfile16	828
14	29	pfile16	974
12	29	pfile16	373
12	31	pfile16	81
12	28	pfile16	720
13	28	pfile16	1332
13	27	pfile16	2226
12	32	pfile16	48
14	28	pfile16	1181
14	27	pfile16	1456
15	29	pfile16	90
13	26	pfile16	3049
13	25	pfile16	4242
14	26	pfile16	1728
15	28	pfile16	25
14	25	pfile16	1901
14	24	pfile16	2157
13	24	pfile16	5345
12	23	pfile16	7079
13	23	pfile16	6245
12	27	pfile16	1183
12	26	pfile16	2151
12	22	pfile16	8998
12	24	pfile16	5017
11	22	pfile16	6251
12	25	pfile16	3403
11	26	pfile16	732
11	27	pfile16	366
11	21	pfile16	8364
12	21	pfile16	10745
11	25	pfile16	1437
13	22	pfile16	6477
12	20	pfile16	11024
11	20	pfile16	10549
11	24	pfile16	2575
13	21	pfile16	6118
11	19	pfile16	12647
12	19	pfile16	10771
10	18	pfile16	8852
11	23	pfile16	4228
11	18	pfile16	13490
10	20	pfile16	4236
10	21	pfile16	2692
10	19	pfile16	6061
10	23	pfile16	813
10	24	pfile16	484
10	22	pfile16	1513
10	17	pfile16	11337
9	19	pfile16	1581
9	20	pfile16	866
11	17	pfile16	13390
9	16	pfile16	6301
10	16	pfile16	13192
9	21	pfile16	379
9	17	pfile16	4391
9	15	pfile16	8598
9	18	pfile16	2436
8	19	pfile16	154
8	20	pfile16	61
10	15	pfile16	12671
9	14	pfile16	10217
8	18	pfile16	333
8	13	pfile16	5510
9	13	pfile16	9549
8	17	pfile16	848
8	14	pfile16	3851
8	12	pfile16	5603
8	15	pfile16	2972
8	16	pfile16	1731
7	16	pfile16	210
7	17	pfile16	136
10	14	pfile16	11372
9	12	pfile16	8797
8	11	pfile16	5559
7	13	pfile16	1198
7	14	pfile16	777
8	10	pfile16	4946
7	12	pfile16	2122
10	13	pfile16	8260
9	11	pfile16	5635
10	12	pfile16	3954
9	10	pfile16	1271
8	9	pfile16	1709
10	11	pfile16	936
9	9	pfile16	34
7	8	pfile16	1133
8	8	pfile16	99
7	7	pfile16	118
7	11	pfile16	2165
6	6	pfile16	85
7	10	pfile16	2299
6	10	pfile16	627
7	9	pfile16	3147
6	7	pfile16	469
6	11	pfile16	738
6	8	pfile16	1184
5	6	pfile16	93
5	10	pfile16	195
5	5	pfile16	78
6	9	pfile16	703
5	9	pfile16	91
4	4	pfile16	149
5	8	pfile16	145
4	8	pfile16	7
5	7	pfile16	251
3	3	pfile16	152
4	5	pfile16	88
4	7	pfile16	76
3	7	pfile16	4
4	6	pfile16	128
3	4	pfile16	7
2	2	pfile16	113
3	6	pfile16	39
2	6	pfile16	4
1	1	pfile16	90
0	0	pfile16	4
16	31	pfile16	6
16	30	pfile16	3
14	23	pfile16	2001
14	22	pfile16	1729
13	20	pfile16	5101
11	16	pfile16	11201
12	18	pfile16	9246
11	15	pfile16	8708
12	17	pfile16	6898
7	15	pfile16	508
6	12	pfile16	449
4	10	pfile16	30
3	5	pfile16	3
2	3	pfile16	29
11	31	pfile16	11
11	30	pfile16	19
11	28	pfile16	169
11	29	pfile16	68
10	26	pfile16	68
10	27	pfile16	41
10	25	pfile16	181
9	23	pfile16	120
9	22	pfile16	152
15	27	pfile16	16
15	26	pfile16	19
15	25	pfile16	22
15	24	pfile16	28
15	23	pfile16	21
14	21	pfile16	1534
13	19	pfile16	3715
14	20	pfile16	1024
13	18	pfile16	2638
13	17	pfile16	1626
14	19	pfile16	828
12	16	pfile16	4895
13	16	pfile16	609
12	15	pfile16	2574
11	14	pfile16	4909
11	13	pfile16	2048
12	14	pfile16	873
13	15	pfile16	172
14	18	pfile16	412
15	22	pfile16	14
6	13	pfile16	287
15	21	pfile16	13
15	20	pfile16	9
15	19	pfile16	10
14	17	pfile16	107
15	18	pfile16	4
14	16	pfile16	7
11	12	pfile16	513
10	28	pfile16	15
10	30	pfile16	5
6	14	pfile16	99
8	21	pfile16	23
12	13	pfile16	176
9	24	pfile16	67
13	14	pfile16	31
9	29	pfile16	2
7	18	pfile16	57
7	19	pfile16	17
5	11	pfile16	115
6	15	pfile16	42
6	16	pfile16	39
6	18	pfile16	3
4	9	pfile16	29
5	12	pfile16	74
10	29	pfile16	7
8	22	pfile16	7
11	32	pfile16	5
9	25	pfile16	12
9	28	pfile16	6
10	10	pfile16	11
9	26	pfile16	4
8	23	pfile16	6
7	20	pfile16	4
9	27	pfile16	2
7	21	pfile16	3
6	17	pfile16	4
5	13	pfile16	31
5	15	pfile16	12
5	16	pfile16	7
5	14	pfile16	23
14	15	pfile16	2
12	12	pfile16	2
11	11	pfile16	2
4	12	pfile16	3
4	13	pfile16	2
4	14	pfile16	2
4	11	pfile16	14
3	10	pfile16	3
3	11	pfile16	2
3	9	pfile16	2
21	66	pfile17	16996
21	64	pfile17	13108
21	68	pfile17	18751
21	67	pfile17	18009
21	69	pfile17	18666
21	63	pfile17	10775
21	72	pfile17	13437
20	69	pfile17	1829
21	70	pfile17	17224
21	65	pfile17	15218
21	74	pfile17	8579
21	60	pfile17	5950
21	71	pfile17	15487
20	67	pfile17	1676
21	73	pfile17	10870
22	75	pfile17	13497
22	68	pfile17	13423
22	70	pfile17	17381
22	69	pfile17	15441
22	66	pfile17	10269
22	71	pfile17	18245
22	72	pfile17	18553
22	67	pfile17	11906
22	76	pfile17	10291
22	64	pfile17	8323
22	74	pfile17	15879
21	62	pfile17	8854
20	70	pfile17	1673
21	78	pfile17	1684
21	76	pfile17	4274
22	65	pfile17	9061
22	73	pfile17	17652
21	75	pfile17	5979
22	77	pfile17	7727
22	63	pfile17	8217
22	79	pfile17	3327
22	78	pfile17	5330
20	71	pfile17	1551
20	68	pfile17	1703
21	77	pfile17	2647
21	79	pfile17	861
20	66	pfile17	1478
20	62	pfile17	712
20	72	pfile17	1305
21	61	pfile17	7185
22	80	pfile17	1914
20	64	pfile17	1051
20	75	pfile17	565
21	81	pfile17	180
20	77	pfile17	182
20	74	pfile17	762
23	69	pfile17	41
22	62	pfile17	8895
20	73	pfile17	1119
20	78	pfile17	99
22	81	pfile17	1017
20	65	pfile17	1323
22	82	pfile17	471
22	83	pfile17	199
22	84	pfile17	79
23	75	pfile17	50
23	66	pfile17	19
21	80	pfile17	460
23	73	pfile17	60
23	72	pfile17	45
20	63	pfile17	853
19	70	pfile17	55
19	69	pfile17	55
19	72	pfile17	40
19	68	pfile17	56
19	73	pfile17	33
20	76	pfile17	336
19	74	pfile17	22
19	80	pfile17	2
19	71	pfile17	43
19	76	pfile17	11
19	75	pfile17	17
19	67	pfile17	46
21	82	pfile17	63
23	76	pfile17	31
20	80	pfile17	16
23	70	pfile17	56
20	79	pfile17	43
23	74	pfile17	50
23	71	pfile17	48
22	85	pfile17	19
21	83	pfile17	25
23	67	pfile17	31
21	59	pfile17	5043
23	68	pfile17	24
22	61	pfile17	9417
19	65	pfile17	25
23	77	pfile17	31
20	60	pfile17	527
20	81	pfile17	8
19	66	pfile17	32
20	61	pfile17	595
23	64	pfile17	39
23	65	pfile17	26
23	78	pfile17	11
23	80	pfile17	6
23	79	pfile17	6
23	81	pfile17	5
22	87	pfile17	4
19	77	pfile17	6
21	58	pfile17	4345
22	59	pfile17	11226
20	82	pfile17	5
19	64	pfile17	29
23	82	pfile17	2
19	61	pfile17	23
19	79	pfile17	2
21	85	pfile17	2
21	84	pfile17	2
19	63	pfile17	31
22	60	pfile17	10317
21	57	pfile17	4118
22	57	pfile17	11988
22	56	pfile17	12021
22	58	pfile17	11895
21	56	pfile17	3906
20	59	pfile17	442
20	58	pfile17	438
19	60	pfile17	24
23	62	pfile17	46
21	55	pfile17	3725
20	57	pfile17	425
21	54	pfile17	3382
22	55	pfile17	10856
20	55	pfile17	527
20	83	pfile17	2
23	63	pfile17	37
20	56	pfile17	472
22	53	pfile17	8010
22	54	pfile17	9659
23	59	pfile17	95
19	57	pfile17	15
19	62	pfile17	19
20	54	pfile17	572
19	54	pfile17	29
23	58	pfile17	135
19	53	pfile17	51
19	58	pfile17	24
18	62	pfile17	2
19	55	pfile17	19
19	59	pfile17	14
18	67	pfile17	2
19	56	pfile17	19
22	51	pfile17	4628
21	53	pfile17	3190
22	52	pfile17	6246
21	50	pfile17	2143
22	50	pfile17	3205
21	49	pfile17	1784
22	49	pfile17	2083
23	57	pfile17	134
21	52	pfile17	3031
23	56	pfile17	122
23	52	pfile17	41
23	55	pfile17	99
23	53	pfile17	72
23	61	pfile17	64
23	60	pfile17	99
20	53	pfile17	638
23	54	pfile17	102
21	48	pfile17	1504
22	48	pfile17	1377
21	51	pfile17	2562
20	51	pfile17	617
20	49	pfile17	599
20	52	pfile17	667
22	47	pfile17	775
22	46	pfile17	438
20	50	pfile17	644
22	45	pfile17	174
21	47	pfile17	1277
22	44	pfile17	62
23	51	pfile17	28
21	44	pfile17	624
21	46	pfile17	1009
20	48	pfile17	643
20	47	pfile17	661
19	51	pfile17	69
19	50	pfile17	87
21	45	pfile17	791
20	45	pfile17	775
20	46	pfile17	673
19	52	pfile17	57
20	44	pfile17	813
23	50	pfile17	19
23	49	pfile17	12
19	47	pfile17	168
19	48	pfile17	124
19	49	pfile17	98
19	46	pfile17	196
22	43	pfile17	18
21	43	pfile17	466
20	43	pfile17	910
23	47	pfile17	6
22	42	pfile17	8
21	42	pfile17	387
19	45	pfile17	247
23	48	pfile17	3
18	57	pfile17	2
18	51	pfile17	8
18	55	pfile17	3
20	42	pfile17	877
19	43	pfile17	461
19	44	pfile17	367
19	42	pfile17	618
18	49	pfile17	37
18	52	pfile17	8
18	45	pfile17	65
18	44	pfile17	70
18	53	pfile17	5
18	50	pfile17	20
21	41	pfile17	286
21	40	pfile17	165
20	40	pfile17	715
21	39	pfile17	123
20	39	pfile17	574
20	38	pfile17	432
20	41	pfile17	893
19	40	pfile17	892
19	41	pfile17	798
22	41	pfile17	5
22	40	pfile17	3
21	38	pfile17	46
19	38	pfile17	1095
21	37	pfile17	37
20	37	pfile17	359
21	36	pfile17	27
20	36	pfile17	244
20	35	pfile17	129
21	35	pfile17	9
19	35	pfile17	856
20	34	pfile17	86
19	34	pfile17	766
19	36	pfile17	849
19	39	pfile17	957
19	37	pfile17	977
19	33	pfile17	568
20	33	pfile17	32
18	33	pfile17	1982
18	34	pfile17	1821
18	35	pfile17	1749
18	37	pfile17	1041
18	38	pfile17	902
17	32	pfile17	3971
18	36	pfile17	1482
18	32	pfile17	1646
17	33	pfile17	3475
17	34	pfile17	2798
17	36	pfile17	1090
17	37	pfile17	792
18	39	pfile17	674
17	31	pfile17	4027
18	31	pfile17	990
17	35	pfile17	1746
16	30	pfile17	6223
17	30	pfile17	2880
16	34	pfile17	1370
16	35	pfile17	803
18	30	pfile17	760
17	29	pfile17	2051
16	29	pfile17	5501
16	33	pfile17	2369
16	31	pfile17	5404
15	28	pfile17	6743
16	32	pfile17	3606
15	33	pfile17	1133
15	34	pfile17	529
16	28	pfile17	5112
15	29	pfile17	6290
14	27	pfile17	5150
15	30	pfile17	5164
15	31	pfile17	3035
14	28	pfile17	4006
14	32	pfile17	552
15	32	pfile17	1957
14	34	pfile17	115
15	27	pfile17	6574
16	27	pfile17	3860
14	26	pfile17	5351
14	30	pfile17	1910
14	31	pfile17	985
15	26	pfile17	5334
14	29	pfile17	2934
13	25	pfile17	4524
13	29	pfile17	1006
13	30	pfile17	577
14	25	pfile17	4889
13	24	pfile17	4767
14	24	pfile17	4062
13	26	pfile17	3969
13	28	pfile17	1493
12	23	pfile17	2770
13	27	pfile17	2733
13	23	pfile17	4284
12	25	pfile17	2059
12	26	pfile17	1295
12	22	pfile17	2665
13	22	pfile17	3458
12	24	pfile17	2775
14	23	pfile17	3032
12	21	pfile17	2729
13	21	pfile17	2206
11	20	pfile17	1571
12	20	pfile17	1941
11	24	pfile17	618
12	27	pfile17	967
11	25	pfile17	306
11	19	pfile17	1252
11	23	pfile17	992
10	18	pfile17	599
11	18	pfile17	787
10	20	pfile17	550
11	21	pfile17	1474
10	21	pfile17	498
11	22	pfile17	1148
12	19	pfile17	1320
10	17	pfile17	375
10	22	pfile17	310
9	16	pfile17	289
9	20	pfile17	185
10	19	pfile17	569
9	21	pfile17	158
10	16	pfile17	244
9	17	pfile17	316
8	15	pfile17	61
9	19	pfile17	201
8	19	pfile17	6
9	18	pfile17	322
8	20	pfile17	9
9	15	pfile17	196
8	16	pfile17	128
8	14	pfile17	32
7	16	pfile17	48
8	17	pfile17	83
7	17	pfile17	3
7	13	pfile17	47
8	13	pfile17	80
7	15	pfile17	86
8	18	pfile17	26
9	14	pfile17	166
7	12	pfile17	85
6	11	pfile17	57
7	14	pfile17	59
6	12	pfile17	52
5	10	pfile17	95
6	14	pfile17	31
6	16	pfile17	3
6	15	pfile17	18
6	13	pfile17	18
4	9	pfile17	45
5	11	pfile17	81
5	13	pfile17	15
5	14	pfile17	15
5	12	pfile17	20
5	9	pfile17	40
3	8	pfile17	12
4	10	pfile17	37
4	12	pfile17	15
4	13	pfile17	15
4	11	pfile17	5
3	9	pfile17	34
3	7	pfile17	11
3	10	pfile17	31
4	8	pfile17	41
3	6	pfile17	30
2	6	pfile17	32
3	11	pfile17	16
4	7	pfile17	64
2	5	pfile17	8
2	4	pfile17	25
2	7	pfile17	16
3	5	pfile17	40
2	3	pfile17	35
1	3	pfile17	17
3	4	pfile17	22
1	2	pfile17	7
1	1	pfile17	13
2	2	pfile17	20
0	0	pfile17	2
18	42	pfile17	181
18	43	pfile17	128
18	41	pfile17	317
17	39	pfile17	234
18	40	pfile17	453
17	41	pfile17	69
18	47	pfile17	42
17	47	pfile17	2
18	48	pfile17	41
18	46	pfile17	50
17	46	pfile17	6
17	38	pfile17	473
17	40	pfile17	131
17	44	pfile17	6
16	37	pfile17	169
17	43	pfile17	8
17	42	pfile17	19
16	38	pfile17	95
16	36	pfile17	409
16	39	pfile17	47
16	40	pfile17	23
15	36	pfile17	143
15	35	pfile17	277
14	33	pfile17	295
15	38	pfile17	21
15	39	pfile17	8
15	37	pfile17	63
14	35	pfile17	79
14	37	pfile17	7
13	35	pfile17	16
14	36	pfile17	19
13	32	pfile17	118
12	30	pfile17	109
13	34	pfile17	27
12	34	pfile17	5
13	31	pfile17	263
13	33	pfile17	57
12	31	pfile17	52
12	29	pfile17	239
12	33	pfile17	6
12	35	pfile17	2
11	35	pfile17	2
12	28	pfile17	607
12	32	pfile17	17
11	30	pfile17	7
11	28	pfile17	82
11	29	pfile17	26
11	27	pfile17	161
10	25	pfile17	133
11	26	pfile17	228
10	26	pfile17	75
10	27	pfile17	32
10	24	pfile17	148
10	23	pfile17	163
11	17	pfile17	418
9	13	pfile17	69
10	15	pfile17	150
8	12	pfile17	73
10	14	pfile17	64
7	11	pfile17	52
7	10	pfile17	32
6	9	pfile17	25
8	11	pfile17	24
6	10	pfile17	41
6	8	pfile17	13
5	7	pfile17	28
7	9	pfile17	7
6	7	pfile17	8
5	8	pfile17	22
5	6	pfile17	21
4	6	pfile17	47
4	5	pfile17	23
4	4	pfile17	14
5	5	pfile17	7
3	3	pfile17	15
16	26	pfile17	2403
17	28	pfile17	1395
15	25	pfile17	3800
8	23	pfile17	3
23	46	pfile17	3
9	24	pfile17	46
9	25	pfile17	44
9	22	pfile17	29
10	29	pfile17	6
9	27	pfile17	8
10	28	pfile17	11
9	26	pfile17	13
10	30	pfile17	2
8	26	pfile17	2
9	23	pfile17	30
8	27	pfile17	2
9	29	pfile17	2
11	31	pfile17	3
17	45	pfile17	3
16	41	pfile17	12
16	42	pfile17	2
19	32	pfile17	284
17	27	pfile17	719
18	29	pfile17	434
15	24	pfile17	2135
16	25	pfile17	1176
13	20	pfile17	1158
14	22	pfile17	1659
21	34	pfile17	5
20	32	pfile17	14
19	31	pfile17	202
19	30	pfile17	74
20	31	pfile17	11
19	29	pfile17	26
18	28	pfile17	207
17	26	pfile17	254
18	27	pfile17	50
17	25	pfile17	76
15	23	pfile17	1089
16	24	pfile17	462
15	22	pfile17	376
14	21	pfile17	752
13	19	pfile17	512
13	18	pfile17	143
14	20	pfile17	273
12	18	pfile17	716
12	17	pfile17	247
11	16	pfile17	225
16	23	pfile17	124
19	28	pfile17	7
18	26	pfile17	3
15	21	pfile17	87
14	19	pfile17	54
13	17	pfile17	20
12	16	pfile17	56
8	21	pfile17	4
16	43	pfile17	2
14	38	pfile17	2
16	22	pfile17	16
15	20	pfile17	16
15	40	pfile17	4
15	41	pfile17	2
17	24	pfile17	18
11	15	pfile17	60
11	14	pfile17	13
10	13	pfile17	16
9	12	pfile17	19
13	36	pfile17	2
11	33	pfile17	2
8	24	pfile17	2
9	28	pfile17	2
18	54	pfile17	4
17	51	pfile17	4
17	48	pfile17	4
12	15	pfile17	4
8	10	pfile17	2
19	73	pfile18	35731
19	70	pfile18	40238
19	71	pfile18	40936
19	68	pfile18	30928
19	78	pfile18	7518
19	72	pfile18	39769
19	76	pfile18	17376
19	74	pfile18	30442
19	69	pfile18	36379
19	66	pfile18	18722
19	64	pfile18	9678
19	67	pfile18	24490
19	75	pfile18	24023
19	80	pfile18	2589
19	79	pfile18	4698
18	75	pfile18	1078
18	76	pfile18	706
19	63	pfile18	6619
19	65	pfile18	13494
18	69	pfile18	2861
18	64	pfile18	1520
19	77	pfile18	12301
18	68	pfile18	2795
19	62	pfile18	4746
18	71	pfile18	2597
18	74	pfile18	1507
19	81	pfile18	1376
18	77	pfile18	462
18	72	pfile18	2381
19	82	pfile18	531
20	69	pfile18	143
18	63	pfile18	1299
18	70	pfile18	2707
18	73	pfile18	1976
20	73	pfile18	273
18	65	pfile18	1782
18	66	pfile18	2124
18	67	pfile18	2417
19	83	pfile18	237
19	84	pfile18	53
18	78	pfile18	282
20	71	pfile18	218
18	79	pfile18	169
18	80	pfile18	87
20	75	pfile18	258
20	76	pfile18	221
20	74	pfile18	303
20	70	pfile18	201
18	62	pfile18	1106
20	72	pfile18	248
20	81	pfile18	22
20	80	pfile18	54
20	78	pfile18	131
18	82	pfile18	15
20	83	pfile18	10
20	77	pfile18	131
20	68	pfile18	91
20	67	pfile18	61
20	65	pfile18	23
20	79	pfile18	91
20	82	pfile18	15
18	84	pfile18	3
19	61	pfile18	3364
19	85	pfile18	18
20	66	pfile18	37
18	81	pfile18	48
19	86	pfile18	4
20	84	pfile18	5
19	60	pfile18	2647
18	61	pfile18	999
20	85	pfile18	2
20	63	pfile18	9
18	83	pfile18	3
20	64	pfile18	12
18	59	pfile18	906
19	59	pfile18	2147
19	58	pfile18	1798
18	60	pfile18	952
17	65	pfile18	23
17	70	pfile18	9
17	67	pfile18	25
18	57	pfile18	997
18	58	pfile18	967
17	58	pfile18	36
17	60	pfile18	40
17	63	pfile18	36
17	64	pfile18	38
17	68	pfile18	15
17	66	pfile18	33
17	61	pfile18	32
17	62	pfile18	46
17	73	pfile18	5
17	75	pfile18	2
17	69	pfile18	7
19	57	pfile18	1572
20	62	pfile18	5
17	71	pfile18	4
17	59	pfile18	34
19	56	pfile18	1297
18	56	pfile18	1125
19	55	pfile18	1161
19	54	pfile18	973
19	52	pfile18	712
19	53	pfile18	900
18	54	pfile18	1559
17	56	pfile18	50
18	55	pfile18	1300
20	59	pfile18	5
20	58	pfile18	5
20	60	pfile18	5
17	57	pfile18	35
17	54	pfile18	98
17	55	pfile18	69
16	61	pfile18	2
16	56	pfile18	2
18	53	pfile18	1760
18	52	pfile18	2042
18	51	pfile18	2515
18	50	pfile18	3190
18	49	pfile18	3954
17	53	pfile18	136
17	51	pfile18	373
19	50	pfile18	377
17	49	pfile18	993
18	48	pfile18	4923
17	50	pfile18	594
18	47	pfile18	6038
20	61	pfile18	6
17	52	pfile18	249
19	51	pfile18	576
19	49	pfile18	212
20	52	pfile18	2
19	48	pfile18	147
19	47	pfile18	53
18	46	pfile18	7064
17	48	pfile18	1454
16	51	pfile18	17
17	47	pfile18	2105
16	50	pfile18	53
16	53	pfile18	3
18	45	pfile18	7768
18	44	pfile18	8664
19	46	pfile18	20
17	43	pfile18	5502
18	43	pfile18	9834
20	55	pfile18	2
18	42	pfile18	10932
17	46	pfile18	2973
17	42	pfile18	6724
18	41	pfile18	10800
17	41	pfile18	8075
17	45	pfile18	4086
17	40	pfile18	8058
16	46	pfile18	366
17	44	pfile18	4584
16	48	pfile18	149
16	45	pfile18	630
18	40	pfile18	8771
16	41	pfile18	1569
16	44	pfile18	844
19	42	pfile18	21
19	41	pfile18	32
18	39	pfile18	6087
17	39	pfile18	6750
16	52	pfile18	11
18	38	pfile18	3249
17	38	pfile18	4583
16	39	pfile18	1719
16	43	pfile18	965
19	43	pfile18	28
16	42	pfile18	1281
16	47	pfile18	252
19	40	pfile18	59
16	49	pfile18	81
19	45	pfile18	19
16	38	pfile18	1735
17	37	pfile18	2638
16	37	pfile18	1295
18	37	pfile18	1550
16	54	pfile18	2
16	40	pfile18	1795
19	39	pfile18	58
16	36	pfile18	1188
17	36	pfile18	1676
19	38	pfile18	22
18	36	pfile18	723
15	39	pfile18	140
15	40	pfile18	143
19	44	pfile18	27
15	46	pfile18	11
15	42	pfile18	69
15	38	pfile18	171
15	43	pfile18	43
15	41	pfile18	82
15	36	pfile18	358
16	35	pfile18	1181
17	35	pfile18	1329
15	47	pfile18	9
15	44	pfile18	37
16	55	pfile18	3
15	49	pfile18	3
15	48	pfile18	3
15	37	pfile18	238
15	35	pfile18	518
15	45	pfile18	12
18	35	pfile18	302
14	36	pfile18	39
14	40	pfile18	3
14	42	pfile18	3
14	39	pfile18	5
19	37	pfile18	9
14	41	pfile18	2
14	35	pfile18	109
14	43	pfile18	2
16	34	pfile18	1768
17	34	pfile18	1261
17	33	pfile18	1249
16	33	pfile18	2376
16	32	pfile18	2626
17	32	pfile18	1041
18	33	pfile18	11
16	31	pfile18	2623
17	31	pfile18	882
16	30	pfile18	2613
18	32	pfile18	4
17	30	pfile18	615
15	29	pfile18	4102
16	29	pfile18	2362
15	33	pfile18	1462
15	34	pfile18	857
15	28	pfile18	3921
16	28	pfile18	1816
15	32	pfile18	2257
14	27	pfile18	5201
15	27	pfile18	3132
15	31	pfile18	3126
14	31	pfile18	1479
14	32	pfile18	737
15	30	pfile18	3730
14	28	pfile18	4849
13	26	pfile18	4942
14	26	pfile18	5191
14	30	pfile18	2740
13	30	pfile18	813
13	31	pfile18	393
14	29	pfile18	3790
13	25	pfile18	5973
14	25	pfile18	4348
13	29	pfile18	1517
12	24	pfile18	3157
13	24	pfile18	6588
13	28	pfile18	2697
12	32	pfile18	26
13	33	pfile18	105
12	29	pfile18	174
13	27	pfile18	3900
12	23	pfile18	3685
13	23	pfile18	5802
12	27	pfile18	477
12	28	pfile18	226
14	24	pfile18	3444
12	22	pfile18	3761
13	22	pfile18	4268
12	26	pfile18	1147
14	23	pfile18	2327
12	21	pfile18	3354
13	21	pfile18	2885
12	25	pfile18	2107
14	22	pfile18	1323
12	20	pfile18	2879
13	20	pfile18	1442
11	19	pfile18	1399
12	19	pfile18	1493
11	23	pfile18	640
11	24	pfile18	363
11	18	pfile18	907
12	18	pfile18	732
11	22	pfile18	1101
11	20	pfile18	1325
10	18	pfile18	476
10	22	pfile18	122
10	23	pfile18	13
11	21	pfile18	1172
10	19	pfile18	318
10	17	pfile18	482
9	17	pfile18	184
10	21	pfile18	184
9	21	pfile18	32
9	22	pfile18	4
10	20	pfile18	223
9	16	pfile18	143
10	16	pfile18	357
9	18	pfile18	33
9	19	pfile18	26
11	17	pfile18	648
9	15	pfile18	74
10	15	pfile18	185
9	14	pfile18	63
8	16	pfile18	22
8	17	pfile18	4
8	13	pfile18	73
8	15	pfile18	85
9	13	pfile18	51
9	12	pfile18	23
10	14	pfile18	89
8	12	pfile18	60
10	13	pfile18	19
8	11	pfile18	64
7	10	pfile18	71
8	14	pfile18	94
7	14	pfile18	51
7	15	pfile18	20
7	11	pfile18	44
6	9	pfile18	91
7	13	pfile18	72
6	13	pfile18	34
6	14	pfile18	2
7	12	pfile18	48
6	8	pfile18	61
6	10	pfile18	65
6	12	pfile18	49
5	12	pfile18	3
5	13	pfile18	2
6	11	pfile18	36
7	9	pfile18	27
6	7	pfile18	33
5	9	pfile18	57
5	10	pfile18	51
5	6	pfile18	56
7	8	pfile18	13
5	11	pfile18	18
4	5	pfile18	35
5	7	pfile18	67
4	9	pfile18	19
5	8	pfile18	32
4	10	pfile18	3
4	6	pfile18	40
4	4	pfile18	59
3	6	pfile18	37
4	7	pfile18	37
3	7	pfile18	3
3	3	pfile18	72
5	5	pfile18	38
3	4	pfile18	17
2	2	pfile18	78
2	6	pfile18	3
2	3	pfile18	37
1	1	pfile18	45
0	0	pfile18	5
14	33	pfile18	398
14	34	pfile18	213
14	37	pfile18	10
15	26	pfile18	2575
14	21	pfile18	672
13	19	pfile18	549
14	20	pfile18	212
13	18	pfile18	106
12	17	pfile18	298
14	19	pfile18	62
11	16	pfile18	392
3	5	pfile18	46
3	8	pfile18	18
20	57	pfile18	2
17	29	pfile18	380
16	27	pfile18	1402
15	25	pfile18	1929
16	26	pfile18	774
15	24	pfile18	990
15	23	pfile18	432
16	25	pfile18	326
12	16	pfile18	71
13	17	pfile18	25
11	15	pfile18	146
11	14	pfile18	41
7	16	pfile18	2
4	11	pfile18	2
4	8	pfile18	18
6	6	pfile18	7
18	34	pfile18	70
18	31	pfile18	4
13	32	pfile18	257
17	28	pfile18	218
18	30	pfile18	5
17	27	pfile18	110
18	29	pfile18	4
16	24	pfile18	127
15	22	pfile18	145
19	36	pfile18	3
13	34	pfile18	39
17	26	pfile18	58
12	31	pfile18	26
12	30	pfile18	98
11	27	pfile18	25
11	28	pfile18	19
12	33	pfile18	15
11	25	pfile18	268
16	23	pfile18	16
15	21	pfile18	21
18	28	pfile18	3
18	27	pfile18	2
17	25	pfile18	15
18	26	pfile18	2
15	20	pfile18	5
14	18	pfile18	5
11	26	pfile18	54
10	24	pfile18	7
17	24	pfile18	2
13	35	pfile18	17
13	36	pfile18	8
14	38	pfile18	4
12	34	pfile18	15
12	35	pfile18	4
11	29	pfile18	9
10	25	pfile18	5
9	20	pfile18	33
11	30	pfile18	5
13	16	pfile18	2
19	35	pfile18	2
10	26	pfile18	2
13	38	pfile18	2
9	24	pfile18	2
9	25	pfile18	2
9	23	pfile18	2
12	15	pfile18	10
20	54	pfile18	2
20	53	pfile18	2
8	10	pfile18	11
9	11	pfile18	5
24	83	pfile19	24790
25	84	pfile19	1442
25	83	pfile19	1350
24	75	pfile19	5070
24	80	pfile19	16436
24	88	pfile19	18966
24	84	pfile19	25173
24	86	pfile19	24011
23	84	pfile19	2596
24	82	pfile19	22038
24	90	pfile19	12450
24	85	pfile19	25483
24	87	pfile19	22060
24	78	pfile19	10483
24	81	pfile19	19487
24	94	pfile19	2826
23	86	pfile19	2028
24	92	pfile19	6657
24	91	pfile19	9261
24	93	pfile19	4464
24	89	pfile19	15965
24	95	pfile19	1677
24	79	pfile19	13551
23	89	pfile19	1100
24	77	pfile19	8311
23	87	pfile19	1660
24	76	pfile19	6179
24	74	pfile19	4347
25	81	pfile19	898
25	88	pfile19	1538
23	85	pfile19	2318
24	96	pfile19	851
24	73	pfile19	3797
25	80	pfile19	728
25	86	pfile19	1666
25	90	pfile19	1038
23	92	pfile19	369
23	80	pfile19	2710
23	83	pfile19	2796
25	91	pfile19	831
25	93	pfile19	424
25	82	pfile19	1163
23	76	pfile19	1765
25	92	pfile19	593
23	88	pfile19	1353
25	85	pfile19	1612
25	75	pfile19	152
23	77	pfile19	1991
23	93	pfile19	259
23	81	pfile19	2928
25	87	pfile19	1619
24	98	pfile19	166
23	74	pfile19	1332
25	94	pfile19	263
24	97	pfile19	403
23	82	pfile19	2833
25	95	pfile19	181
23	78	pfile19	2266
25	89	pfile19	1302
23	91	pfile19	543
25	78	pfile19	389
23	96	pfile19	40
26	85	pfile19	13
25	76	pfile19	211
25	77	pfile19	286
25	79	pfile19	532
26	84	pfile19	13
23	79	pfile19	2510
23	94	pfile19	152
23	90	pfile19	741
22	85	pfile19	49
23	95	pfile19	84
26	89	pfile19	11
24	99	pfile19	60
26	88	pfile19	15
25	96	pfile19	106
26	87	pfile19	17
26	80	pfile19	6
26	83	pfile19	11
25	98	pfile19	18
22	93	pfile19	9
24	100	pfile19	15
26	94	pfile19	3
26	93	pfile19	2
26	91	pfile19	8
25	101	pfile19	3
25	99	pfile19	10
25	97	pfile19	44
25	100	pfile19	4
26	86	pfile19	9
26	81	pfile19	8
23	97	pfile19	25
22	77	pfile19	136
26	82	pfile19	10
22	84	pfile19	55
24	72	pfile19	3781
23	75	pfile19	1499
23	99	pfile19	3
26	90	pfile19	5
24	71	pfile19	3692
22	82	pfile19	78
22	74	pfile19	121
22	91	pfile19	12
23	98	pfile19	9
22	83	pfile19	52
26	95	pfile19	4
26	92	pfile19	4
22	90	pfile19	17
25	73	pfile19	117
22	87	pfile19	34
22	92	pfile19	7
23	73	pfile19	1244
22	75	pfile19	123
22	78	pfile19	91
22	86	pfile19	38
26	97	pfile19	2
22	80	pfile19	78
24	101	pfile19	2
25	74	pfile19	127
26	78	pfile19	3
23	100	pfile19	2
22	81	pfile19	74
22	89	pfile19	21
23	101	pfile19	2
22	88	pfile19	23
24	70	pfile19	3717
23	71	pfile19	1035
23	72	pfile19	1092
22	79	pfile19	96
26	79	pfile19	3
22	73	pfile19	162
22	95	pfile19	2
24	68	pfile19	3727
24	69	pfile19	3807
23	70	pfile19	1080
22	71	pfile19	173
25	71	pfile19	95
24	67	pfile19	3820
25	72	pfile19	113
22	76	pfile19	118
26	77	pfile19	3
25	70	pfile19	82
23	69	pfile19	998
25	69	pfile19	106
23	68	pfile19	1035
26	75	pfile19	2
24	66	pfile19	3764
24	65	pfile19	3674
23	67	pfile19	1086
25	68	pfile19	88
24	64	pfile19	3539
25	67	pfile19	83
22	67	pfile19	246
23	66	pfile19	1153
25	64	pfile19	55
25	66	pfile19	57
24	63	pfile19	3620
23	62	pfile19	1599
24	62	pfile19	3503
23	65	pfile19	1273
22	68	pfile19	270
23	63	pfile19	1500
22	63	pfile19	379
22	72	pfile19	152
22	64	pfile19	314
22	70	pfile19	195
22	66	pfile19	297
21	80	pfile19	2
21	69	pfile19	7
22	65	pfile19	332
22	69	pfile19	228
23	64	pfile19	1282
25	63	pfile19	49
24	61	pfile19	3614
25	65	pfile19	60
23	61	pfile19	1905
24	60	pfile19	3470
24	59	pfile19	3343
25	61	pfile19	45
23	58	pfile19	2379
24	58	pfile19	3067
23	60	pfile19	2059
25	62	pfile19	38
23	59	pfile19	2114
23	57	pfile19	2325
25	60	pfile19	34
24	57	pfile19	2780
24	56	pfile19	2431
24	55	pfile19	1897
25	56	pfile19	17
23	56	pfile19	2147
24	54	pfile19	1516
25	58	pfile19	31
23	53	pfile19	1105
24	53	pfile19	1043
23	54	pfile19	1530
24	52	pfile19	695
23	52	pfile19	736
23	55	pfile19	1957
25	59	pfile19	31
23	51	pfile19	376
24	51	pfile19	349
25	55	pfile19	15
25	54	pfile19	13
25	53	pfile19	14
23	50	pfile19	128
22	52	pfile19	266
22	57	pfile19	382
22	55	pfile19	323
22	51	pfile19	274
22	59	pfile19	355
23	49	pfile19	50
24	50	pfile19	179
25	52	pfile19	8
24	49	pfile19	40
25	57	pfile19	25
22	61	pfile19	335
25	51	pfile19	5
22	53	pfile19	295
22	54	pfile19	320
22	58	pfile19	347
22	62	pfile19	332
22	60	pfile19	351
21	68	pfile19	11
22	56	pfile19	313
21	63	pfile19	56
21	66	pfile19	20
21	65	pfile19	30
22	50	pfile19	137
22	49	pfile19	113
21	56	pfile19	262
21	51	pfile19	416
21	55	pfile19	263
21	53	pfile19	308
22	48	pfile19	54
23	48	pfile19	12
22	47	pfile19	30
23	47	pfile19	3
21	59	pfile19	162
21	67	pfile19	13
21	54	pfile19	289
21	57	pfile19	216
21	52	pfile19	385
26	68	pfile19	2
26	72	pfile19	2
24	48	pfile19	12
25	50	pfile19	4
22	94	pfile19	3
21	62	pfile19	67
21	72	pfile19	3
21	61	pfile19	106
21	60	pfile19	130
21	58	pfile19	240
21	64	pfile19	30
21	70	pfile19	4
20	60	pfile19	15
20	63	pfile19	4
20	57	pfile19	48
20	58	pfile19	42
20	56	pfile19	85
20	55	pfile19	113
21	50	pfile19	562
20	54	pfile19	164
21	49	pfile19	680
20	51	pfile19	270
21	48	pfile19	664
20	49	pfile19	390
21	47	pfile19	629
20	52	pfile19	242
20	50	pfile19	345
20	46	pfile19	670
20	48	pfile19	403
21	46	pfile19	643
20	45	pfile19	790
21	45	pfile19	605
20	44	pfile19	1111
21	44	pfile19	529
22	46	pfile19	25
19	50	pfile19	28
20	47	pfile19	614
19	48	pfile19	76
20	53	pfile19	164
20	59	pfile19	21
19	45	pfile19	236
20	43	pfile19	1110
20	42	pfile19	1214
19	42	pfile19	543
19	51	pfile19	30
19	43	pfile19	420
19	47	pfile19	116
19	49	pfile19	51
18	41	pfile19	401
19	41	pfile19	741
19	52	pfile19	17
18	45	pfile19	36
19	46	pfile19	165
19	54	pfile19	7
18	48	pfile19	4
19	53	pfile19	5
19	56	pfile19	3
19	40	pfile19	928
19	44	pfile19	298
18	42	pfile19	219
18	44	pfile19	65
20	41	pfile19	1174
19	39	pfile19	1271
18	39	pfile19	821
18	46	pfile19	15
20	40	pfile19	1262
18	38	pfile19	1150
18	40	pfile19	529
19	38	pfile19	1696
20	39	pfile19	1225
18	37	pfile19	1546
19	37	pfile19	2142
18	36	pfile19	2239
17	38	pfile19	319
17	40	pfile19	126
18	43	pfile19	135
17	41	pfile19	55
18	49	pfile19	3
18	47	pfile19	10
18	35	pfile19	2777
17	35	pfile19	1024
17	39	pfile19	174
17	42	pfile19	42
19	36	pfile19	2503
17	34	pfile19	1518
18	34	pfile19	3522
17	37	pfile19	548
16	35	pfile19	306
17	36	pfile19	804
16	38	pfile19	85
17	33	pfile19	2299
16	41	pfile19	15
17	43	pfile19	21
16	32	pfile19	1279
17	32	pfile19	2566
16	36	pfile19	191
18	33	pfile19	3468
16	31	pfile19	1640
17	31	pfile19	2531
18	32	pfile19	2303
16	30	pfile19	2156
17	30	pfile19	2255
16	34	pfile19	451
18	31	pfile19	1596
16	29	pfile19	2230
17	29	pfile19	1318
16	33	pfile19	816
15	28	pfile19	1071
16	28	pfile19	1781
15	30	pfile19	823
15	31	pfile19	562
16	37	pfile19	156
15	27	pfile19	1077
15	29	pfile19	1087
16	27	pfile19	1423
15	32	pfile19	354
17	28	pfile19	853
15	26	pfile19	881
16	26	pfile19	945
14	25	pfile19	932
14	29	pfile19	214
14	30	pfile19	71
15	25	pfile19	653
13	24	pfile19	642
14	26	pfile19	912
14	28	pfile19	400
13	28	pfile19	29
14	27	pfile19	615
13	31	pfile19	3
14	24	pfile19	758
13	25	pfile19	538
13	27	pfile19	166
13	23	pfile19	579
12	25	pfile19	166
13	26	pfile19	304
12	26	pfile19	99
13	29	pfile19	13
12	22	pfile19	202
13	22	pfile19	365
12	24	pfile19	280
12	23	pfile19	342
12	21	pfile19	157
11	23	pfile19	14
11	24	pfile19	41
12	28	pfile19	7
11	20	pfile19	87
12	20	pfile19	186
12	29	pfile19	3
11	29	pfile19	2
13	21	pfile19	252
11	19	pfile19	95
12	19	pfile19	93
13	20	pfile19	101
11	18	pfile19	50
12	18	pfile19	22
11	22	pfile19	93
11	17	pfile19	23
10	17	pfile19	94
10	19	pfile19	91
10	20	pfile19	93
11	21	pfile19	109
10	18	pfile19	60
10	16	pfile19	96
9	16	pfile19	185
9	18	pfile19	48
9	19	pfile19	24
10	21	pfile19	68
10	23	pfile19	55
9	17	pfile19	130
9	15	pfile19	174
8	17	pfile19	86
8	18	pfile19	63
9	21	pfile19	38
9	20	pfile19	55
8	16	pfile19	91
9	14	pfile19	72
10	15	pfile19	31
8	13	pfile19	60
9	13	pfile19	63
10	14	pfile19	21
9	12	pfile19	43
8	12	pfile19	77
10	13	pfile19	19
8	11	pfile19	48
8	15	pfile19	94
7	10	pfile19	48
8	14	pfile19	111
7	11	pfile19	49
6	9	pfile19	95
7	13	pfile19	90
7	14	pfile19	54
7	12	pfile19	26
6	10	pfile19	116
6	8	pfile19	58
6	11	pfile19	26
7	9	pfile19	32
5	7	pfile19	54
6	7	pfile19	40
5	8	pfile19	34
4	6	pfile19	47
5	6	pfile19	50
5	10	pfile19	38
4	7	pfile19	4
3	5	pfile19	94
4	5	pfile19	58
4	9	pfile19	20
3	6	pfile19	4
3	4	pfile19	37
3	8	pfile19	20
3	3	pfile19	37
4	4	pfile19	19
2	2	pfile19	50
1	1	pfile19	29
0	0	pfile19	5
21	43	pfile19	462
21	42	pfile19	362
17	44	pfile19	6
17	45	pfile19	4
16	39	pfile19	67
15	35	pfile19	47
16	40	pfile19	29
16	42	pfile19	10
15	36	pfile19	42
15	34	pfile19	94
15	33	pfile19	158
15	37	pfile19	16
15	38	pfile19	3
15	39	pfile19	4
15	43	pfile19	2
14	34	pfile19	10
14	32	pfile19	39
14	36	pfile19	2
14	33	pfile19	23
14	35	pfile19	11
14	37	pfile19	3
14	31	pfile19	41
14	39	pfile19	2
13	33	pfile19	2
14	23	pfile19	423
15	24	pfile19	410
14	22	pfile19	230
15	23	pfile19	147
14	21	pfile19	136
13	19	pfile19	22
11	16	pfile19	7
10	22	pfile19	58
9	11	pfile19	14
8	10	pfile19	17
6	12	pfile19	35
6	13	pfile19	35
7	8	pfile19	17
5	9	pfile19	97
4	8	pfile19	55
20	65	pfile19	2
20	61	pfile19	11
20	62	pfile19	4
19	57	pfile19	2
19	55	pfile19	3
15	40	pfile19	2
13	30	pfile19	5
12	27	pfile19	24
11	26	pfile19	3
11	25	pfile19	37
10	25	pfile19	3
10	24	pfile19	38
10	26	pfile19	2
9	22	pfile19	3
8	19	pfile19	53
8	20	pfile19	35
2	3	pfile19	38
3	7	pfile19	19
1	2	pfile19	8
2	4	pfile19	40
1	3	pfile19	21
21	73	pfile19	2
21	71	pfile19	4
22	45	pfile19	17
22	44	pfile19	12
21	41	pfile19	261
22	43	pfile19	9
22	42	pfile19	13
21	40	pfile19	188
20	38	pfile19	1029
21	39	pfile19	157
22	41	pfile19	7
21	38	pfile19	53
22	40	pfile19	7
20	37	pfile19	835
20	36	pfile19	541
19	35	pfile19	2344
20	35	pfile19	381
21	37	pfile19	41
19	34	pfile19	1854
19	33	pfile19	1236
21	36	pfile19	14
20	34	pfile19	188
21	35	pfile19	15
20	33	pfile19	113
19	32	pfile19	626
19	31	pfile19	321
20	32	pfile19	41
18	30	pfile19	867
19	30	pfile19	94
18	29	pfile19	336
21	34	pfile19	9
21	33	pfile19	8
20	31	pfile19	11
17	27	pfile19	467
18	28	pfile19	174
17	26	pfile19	134
16	25	pfile19	456
18	27	pfile19	47
17	25	pfile19	32
16	24	pfile19	212
16	23	pfile19	61
22	39	pfile19	5
15	22	pfile19	103
14	20	pfile19	19
19	29	pfile19	29
20	30	pfile19	4
19	28	pfile19	8
15	21	pfile19	11
13	18	pfile19	2
12	17	pfile19	3
18	26	pfile19	7
17	24	pfile19	5
16	22	pfile19	26
17	23	pfile19	2
16	21	pfile19	8
15	20	pfile19	6
14	19	pfile19	5
17	22	pfile19	3
16	20	pfile19	2
21	76	pfile19	2
11	15	pfile19	4
11	14	pfile19	4
10	12	pfile19	6
25	91	pfile20	18349
25	95	pfile20	20627
25	92	pfile20	20043
25	97	pfile20	16338
25	93	pfile20	21165
25	96	pfile20	18911
25	99	pfile20	10993
25	85	pfile20	5954
25	86	pfile20	7221
25	103	pfile20	2901
25	94	pfile20	21178
25	98	pfile20	14048
25	102	pfile20	4394
25	100	pfile20	8497
25	88	pfile20	10957
25	90	pfile20	15746
25	87	pfile20	9044
25	104	pfile20	1898
25	84	pfile20	4964
25	89	pfile20	13539
25	101	pfile20	6041
25	106	pfile20	614
25	105	pfile20	1193
25	82	pfile20	3641
25	109	pfile20	69
25	83	pfile20	4270
25	110	pfile20	25
25	107	pfile20	330
25	108	pfile20	169
25	111	pfile20	17
25	112	pfile20	3
25	81	pfile20	3127
25	80	pfile20	2690
24	93	pfile20	77
25	79	pfile20	2498
25	78	pfile20	1974
24	94	pfile20	35
24	95	pfile20	28
24	89	pfile20	374
24	82	pfile20	2000
24	90	pfile20	251
24	84	pfile20	1555
24	86	pfile20	1008
24	81	pfile20	2166
24	100	pfile20	2
24	88	pfile20	583
24	96	pfile20	12
24	92	pfile20	92
24	85	pfile20	1320
24	87	pfile20	737
24	91	pfile20	191
24	83	pfile20	1827
25	76	pfile20	1368
25	77	pfile20	1739
25	75	pfile20	1133
25	74	pfile20	883
25	73	pfile20	647
25	72	pfile20	515
24	78	pfile20	2235
24	77	pfile20	2250
25	71	pfile20	320
24	80	pfile20	2259
24	71	pfile20	1876
24	72	pfile20	2024
25	70	pfile20	247
24	75	pfile20	2282
24	74	pfile20	2172
25	69	pfile20	149
25	68	pfile20	112
25	67	pfile20	49
24	67	pfile20	1157
24	70	pfile20	1680
24	66	pfile20	975
24	68	pfile20	1332
24	73	pfile20	2043
24	76	pfile20	2310
24	79	pfile20	2394
24	69	pfile20	1503
24	65	pfile20	794
25	66	pfile20	25
25	65	pfile20	17
23	71	pfile20	428
24	64	pfile20	558
23	68	pfile20	642
23	66	pfile20	610
23	64	pfile20	596
23	70	pfile20	498
23	74	pfile20	274
22	69	pfile20	94
23	67	pfile20	650
23	69	pfile20	581
23	73	pfile20	307
23	75	pfile20	200
23	77	pfile20	127
23	65	pfile20	621
23	72	pfile20	408
23	76	pfile20	182
22	64	pfile20	414
22	72	pfile20	19
23	78	pfile20	116
24	63	pfile20	433
24	62	pfile20	274
24	61	pfile20	160
25	64	pfile20	11
23	63	pfile20	537
23	61	pfile20	416
24	60	pfile20	93
23	60	pfile20	368
24	59	pfile20	29
24	58	pfile20	16
23	58	pfile20	302
23	62	pfile20	458
23	59	pfile20	303
22	62	pfile20	444
23	57	pfile20	221
22	58	pfile20	506
23	56	pfile20	183
23	55	pfile20	162
24	57	pfile20	3
22	56	pfile20	457
23	54	pfile20	133
24	56	pfile20	2
22	53	pfile20	385
23	53	pfile20	134
22	60	pfile20	481
22	54	pfile20	387
22	52	pfile20	429
22	59	pfile20	553
22	55	pfile20	424
22	57	pfile20	452
22	61	pfile20	491
22	51	pfile20	547
21	53	pfile20	238
22	50	pfile20	798
23	52	pfile20	104
22	49	pfile20	890
23	51	pfile20	112
21	49	pfile20	810
22	48	pfile20	822
21	47	pfile20	1550
22	47	pfile20	596
23	49	pfile20	65
23	50	pfile20	75
21	48	pfile20	1219
21	46	pfile20	1807
22	46	pfile20	511
23	48	pfile20	15
21	45	pfile20	1675
22	45	pfile20	263
23	47	pfile20	8
21	51	pfile20	477
21	50	pfile20	644
21	52	pfile20	284
20	45	pfile20	730
20	44	pfile20	917
20	47	pfile20	632
21	44	pfile20	1389
21	43	pfile20	1295
20	43	pfile20	1010
21	54	pfile20	207
21	42	pfile20	884
20	42	pfile20	926
22	44	pfile20	91
19	43	pfile20	631
20	48	pfile20	354
20	49	pfile20	292
20	51	pfile20	204
20	50	pfile20	224
20	46	pfile20	734
19	42	pfile20	676
18	41	pfile20	726
19	46	pfile20	427
19	41	pfile20	704
19	44	pfile20	466
19	47	pfile20	342
19	45	pfile20	488
19	48	pfile20	276
19	49	pfile20	245
18	48	pfile20	82
18	42	pfile20	618
18	44	pfile20	409
18	40	pfile20	734
17	40	pfile20	337
18	43	pfile20	484
18	46	pfile20	196
18	45	pfile20	272
17	41	pfile20	294
17	45	pfile20	30
17	39	pfile20	442
17	47	pfile20	7
17	42	pfile20	234
17	44	pfile20	62
17	43	pfile20	136
17	46	pfile20	13
18	39	pfile20	629
19	40	pfile20	650
18	38	pfile20	539
17	38	pfile20	408
19	39	pfile20	484
18	37	pfile20	412
17	37	pfile20	582
20	52	pfile20	180
20	41	pfile20	743
21	41	pfile20	525
20	40	pfile20	529
21	40	pfile20	244
20	39	pfile20	369
21	39	pfile20	119
19	50	pfile20	198
18	47	pfile20	127
23	46	pfile20	4
22	43	pfile20	63
22	42	pfile20	35
22	41	pfile20	9
20	38	pfile20	156
22	40	pfile20	4
21	38	pfile20	36
19	37	pfile20	230
20	37	pfile20	65
18	36	pfile20	358
19	38	pfile20	421
19	36	pfile20	82
22	39	pfile20	2
21	37	pfile20	5
20	36	pfile20	31
19	35	pfile20	19
20	35	pfile20	3
18	35	pfile20	205
17	34	pfile20	532
18	34	pfile20	189
24	97	pfile20	10
24	99	pfile20	3
23	85	pfile20	21
23	79	pfile20	85
22	66	pfile20	224
22	63	pfile20	428
22	70	pfile20	62
22	65	pfile20	332
22	68	pfile20	137
21	62	pfile20	64
22	67	pfile20	187
22	71	pfile20	28
21	63	pfile20	51
22	74	pfile20	9
21	64	pfile20	44
22	73	pfile20	8
21	61	pfile20	74
21	56	pfile20	121
21	55	pfile20	171
21	59	pfile20	105
21	60	pfile20	98
20	59	pfile20	88
21	57	pfile20	138
21	58	pfile20	112
21	65	pfile20	28
21	66	pfile20	23
20	53	pfile20	149
20	55	pfile20	134
19	55	pfile20	64
20	54	pfile20	158
20	56	pfile20	132
20	57	pfile20	117
20	58	pfile20	114
20	62	pfile20	32
20	60	pfile20	71
20	61	pfile20	37
20	63	pfile20	25
20	65	pfile20	10
19	51	pfile20	155
19	57	pfile20	33
19	53	pfile20	108
19	52	pfile20	126
19	56	pfile20	51
19	54	pfile20	89
18	49	pfile20	43
18	51	pfile20	15
18	52	pfile20	7
18	50	pfile20	22
18	53	pfile20	3
18	55	pfile20	3
16	40	pfile20	145
17	49	pfile20	2
17	50	pfile20	2
16	38	pfile20	347
16	39	pfile20	207
16	37	pfile20	478
16	43	pfile20	10
16	41	pfile20	70
16	42	pfile20	32
16	36	pfile20	721
16	35	pfile20	842
17	36	pfile20	682
15	34	pfile20	482
15	37	pfile20	192
16	34	pfile20	898
15	35	pfile20	435
14	33	pfile20	150
15	36	pfile20	255
15	38	pfile20	84
15	33	pfile20	725
15	40	pfile20	18
15	39	pfile20	34
15	32	pfile20	935
14	32	pfile20	312
15	41	pfile20	10
15	31	pfile20	963
16	33	pfile20	926
14	31	pfile20	623
15	30	pfile20	816
16	32	pfile20	863
14	30	pfile20	875
14	29	pfile20	1002
14	35	pfile20	43
13	29	pfile20	600
14	34	pfile20	89
14	36	pfile20	54
13	28	pfile20	919
13	32	pfile20	70
13	30	pfile20	363
13	31	pfile20	235
13	33	pfile20	34
13	27	pfile20	1348
12	29	pfile20	187
13	26	pfile20	1748
14	28	pfile20	1241
12	26	pfile20	1055
12	27	pfile20	711
12	25	pfile20	1482
11	25	pfile20	666
12	31	pfile20	18
12	28	pfile20	324
12	30	pfile20	87
12	32	pfile20	33
11	26	pfile20	434
11	24	pfile20	1236
11	28	pfile20	63
11	30	pfile20	6
11	27	pfile20	176
11	29	pfile20	26
10	23	pfile20	817
11	23	pfile20	1986
10	22	pfile20	1262
11	22	pfile20	2269
12	24	pfile20	1938
10	21	pfile20	1544
10	25	pfile20	152
10	24	pfile20	369
10	26	pfile20	36
10	20	pfile20	1778
9	20	pfile20	808
9	19	pfile20	989
9	21	pfile20	525
8	19	pfile20	324
9	22	pfile20	276
9	23	pfile20	138
9	24	pfile20	93
9	25	pfile20	26
9	18	pfile20	1342
8	18	pfile20	561
8	17	pfile20	534
7	17	pfile20	280
8	22	pfile20	44
8	20	pfile20	204
8	21	pfile20	135
8	23	pfile20	25
7	16	pfile20	303
8	16	pfile20	543
7	19	pfile20	79
7	15	pfile20	295
7	18	pfile20	175
6	14	pfile20	90
7	14	pfile20	374
7	20	pfile20	28
8	15	pfile20	740
6	13	pfile20	113
7	13	pfile20	367
8	14	pfile20	651
6	12	pfile20	124
6	11	pfile20	130
5	10	pfile20	99
7	12	pfile20	264
6	15	pfile20	80
5	11	pfile20	97
5	9	pfile20	100
5	12	pfile20	83
6	10	pfile20	101
4	8	pfile20	98
5	13	pfile20	60
4	9	pfile20	52
3	7	pfile20	96
4	11	pfile20	81
4	10	pfile20	64
4	12	pfile20	41
3	8	pfile20	46
3	6	pfile20	70
3	9	pfile20	21
4	7	pfile20	68
2	5	pfile20	30
3	10	pfile20	21
2	6	pfile20	23
2	4	pfile20	82
2	7	pfile20	22
3	5	pfile20	51
2	3	pfile20	21
1	3	pfile20	50
1	2	pfile20	29
1	5	pfile20	22
1	4	pfile20	2
1	1	pfile20	72
2	2	pfile20	77
0	0	pfile20	5
23	84	pfile20	15
23	81	pfile20	52
23	83	pfile20	23
23	80	pfile20	68
23	82	pfile20	33
23	90	pfile20	2
23	86	pfile20	5
23	88	pfile20	6
22	77	pfile20	3
22	75	pfile20	4
17	35	pfile20	605
17	33	pfile20	490
17	32	pfile20	386
16	31	pfile20	690
16	30	pfile20	550
17	31	pfile20	261
16	29	pfile20	385
17	30	pfile20	199
15	28	pfile20	745
16	28	pfile20	246
17	29	pfile20	106
16	27	pfile20	159
15	27	pfile20	492
17	28	pfile20	72
16	26	pfile20	82
15	26	pfile20	386
15	25	pfile20	254
14	25	pfile20	926
15	29	pfile20	925
14	24	pfile20	698
15	24	pfile20	54
14	23	pfile20	295
14	26	pfile20	1080
13	22	pfile20	929
14	22	pfile20	115
14	21	pfile20	20
13	21	pfile20	472
15	23	pfile20	14
14	20	pfile20	6
13	20	pfile20	143
15	22	pfile20	3
14	27	pfile20	1463
13	19	pfile20	41
12	19	pfile20	495
13	25	pfile20	1765
13	23	pfile20	1423
13	24	pfile20	1662
12	20	pfile20	1253
12	18	pfile20	126
11	18	pfile20	925
12	22	pfile20	1873
12	21	pfile20	1708
12	23	pfile20	2096
11	19	pfile20	1637
11	17	pfile20	358
10	17	pfile20	1361
11	21	pfile20	2378
11	20	pfile20	1885
10	18	pfile20	1757
10	16	pfile20	822
9	16	pfile20	1325
10	19	pfile20	1883
9	15	pfile20	938
10	15	pfile20	420
9	14	pfile20	523
9	17	pfile20	1515
8	13	pfile20	365
5	8	pfile20	67
4	6	pfile20	59
5	7	pfile20	17
3	4	pfile20	61
4	5	pfile20	53
3	3	pfile20	55
22	76	pfile20	3
21	70	pfile20	4
21	67	pfile20	10
21	69	pfile20	2
21	68	pfile20	4
20	66	pfile20	6
20	64	pfile20	19
20	67	pfile20	3
19	58	pfile20	30
19	59	pfile20	25
19	63	pfile20	4
19	61	pfile20	5
19	62	pfile20	3
19	65	pfile20	2
19	60	pfile20	9
10	27	pfile20	9
7	11	pfile20	171
8	12	pfile20	104
7	10	pfile20	96
6	9	pfile20	52
5	6	pfile20	6
4	4	pfile20	6
24	98	pfile20	2
24	101	pfile20	2
22	80	pfile20	2
23	87	pfile20	3
23	89	pfile20	2
25	63	pfile20	3
21	72	pfile20	2
14	37	pfile20	26
14	38	pfile20	10
18	33	pfile20	97
13	34	pfile20	10
9	13	pfile20	168
18	32	pfile20	69
19	34	pfile20	5
18	31	pfile20	38
19	33	pfile20	5
12	17	pfile20	91
12	16	pfile20	2
13	18	pfile20	10
11	16	pfile20	227
10	14	pfile20	138
10	13	pfile20	63
11	15	pfile20	13
11	14	pfile20	9
9	12	pfile20	44
8	11	pfile20	55
8	10	pfile20	2
9	28	pfile20	2
8	25	pfile20	8
7	21	pfile20	7
18	30	pfile20	6
19	32	pfile20	3
18	29	pfile20	6
17	27	pfile20	6
16	25	pfile20	5
7	9	pfile20	2
24	55	pfile20	3
24	50	pfile20	3
24	53	pfile20	2
16	44	pfile20	4
16	46	pfile20	3
16	45	pfile20	4
15	42	pfile20	4
14	40	pfile20	3
14	39	pfile20	3
14	41	pfile20	2
13	36	pfile20	3
13	35	pfile20	4
12	33	pfile20	22
12	34	pfile20	15
12	35	pfile20	2
12	36	pfile20	3
11	31	pfile20	6
10	28	pfile20	4
9	26	pfile20	3
9	27	pfile20	3
8	24	pfile20	7
7	22	pfile20	4
7	23	pfile20	2
6	16	pfile20	18
6	18	pfile20	3
6	17	pfile20	19
6	19	pfile20	4
5	14	pfile20	22
